[{"fields": {"model": "logentry", "app_label": "admin"}, "model": "contenttypes.contenttype", "pk": 1}, {"fields": {"model": "permission", "app_label": "auth"}, "model": "contenttypes.contenttype", "pk": 2}, {"fields": {"model": "group", "app_label": "auth"}, "model": "contenttypes.contenttype", "pk": 3}, {"fields": {"model": "user", "app_label": "auth"}, "model": "contenttypes.contenttype", "pk": 4}, {"fields": {"model": "contenttype", "app_label": "contenttypes"}, "model": "contenttypes.contenttype", "pk": 5}, {"fields": {"model": "session", "app_label": "sessions"}, "model": "contenttypes.contenttype", "pk": 6}, {"fields": {"model": "site", "app_label": "sites"}, "model": "contenttypes.contenttype", "pk": 7}, {"fields": {"model": "registrationprofile", "app_label": "registration"}, "model": "contenttypes.contenttype", "pk": 8}, {"fields": {"model": "signup", "app_label": "newsletter"}, "model": "contenttypes.contenttype", "pk": 9}, {"fields": {"model": "product", "app_label": "products"}, "model": "contenttypes.contenttype", "pk": 10}, {"fields": {"model": "variation", "app_label": "products"}, "model": "contenttypes.contenttype", "pk": 11}, {"fields": {"model": "productimage", "app_label": "products"}, "model": "contenttypes.contenttype", "pk": 12}, {"fields": {"model": "category", "app_label": "products"}, "model": "contenttypes.contenttype", "pk": 13}, {"fields": {"model": "cartitem", "app_label": "carts"}, "model": "contenttypes.contenttype", "pk": 15}, {"fields": {"model": "cart", "app_label": "carts"}, "model": "contenttypes.contenttype", "pk": 16}, {"fields": {"model": "usercheckout", "app_label": "orders"}, "model": "contenttypes.contenttype", "pk": 17}, {"fields": {"model": "useraddress", "app_label": "orders"}, "model": "contenttypes.contenttype", "pk": 18}, {"fields": {"model": "order", "app_label": "orders"}, "model": "contenttypes.contenttype", "pk": 19}, {"fields": {"model": "store", "app_label": "products"}, "model": "contenttypes.contenttype", "pk": 20}, {"fields": {"model": "frontimage", "app_label": "products"}, "model": "contenttypes.contenttype", "pk": 22}, {"fields": {"model": "corsmodel", "app_label": "corsheaders"}, "model": "contenttypes.contenttype", "pk": 23}, {"fields": {"expire_date": "2016-06-08T12:04:35.653Z", "session_data": "ZmFiZGNhNTIyMzU0MDg5MDI5MWU5NzNiNDgzZjJmZWIwM2UyYWFhZDp7ImNhcnRfdG90YWwiOiJcIjBcIiJ9"}, "model": "sessions.session", "pk": "29s5gd2dt3azdavih5w920kxib29dy86"}, {"fields": {"expire_date": "2016-05-19T17:42:40.493Z", "session_data": "NjNiMzVhZGMxZDQ3YzBkNjNkMTA3ZjA0ZDI4MDZhMjEwY2E3ZTI0Njp7ImNhcnRfaXRlbV9jb3VudCI6MH0="}, "model": "sessions.session", "pk": "2y7w0gyabe2m0do6dp1zhoxhgi0bt89l"}, {"fields": {"expire_date": "2016-04-28T17:02:56.524Z", "session_data": "OGQ1Y2JhNzc3MTMzNzZlY2Q0ODRhZDk2YTg3YTIyZDcwYWI4MGFiMTp7Im9yZGVyX2lkIjoxNCwiYWRkX3R5cGUiOiJzaGlwcGluZyIsIl9zZXNzaW9uX2V4cGlyeSI6MCwiY2FydF9pdGVtX2NvdW50IjowLCJ1c2VyX2NoZWNrb3V0X2lkIjo4LCJjYXJ0X2lkIjoxOH0="}, "model": "sessions.session", "pk": "34l6nob2kfvpuv9uglk5hc131ong1odi"}, {"fields": {"expire_date": "2016-06-07T18:14:22.445Z", "session_data": "NjNiMzVhZGMxZDQ3YzBkNjNkMTA3ZjA0ZDI4MDZhMjEwY2E3ZTI0Njp7ImNhcnRfaXRlbV9jb3VudCI6MH0="}, "model": "sessions.session", "pk": "3ayfgg4ljunrq4i9o86935uwnhu0pbtr"}, {"fields": {"expire_date": "2016-06-09T05:21:29.356Z", "session_data": "NjNiMzVhZGMxZDQ3YzBkNjNkMTA3ZjA0ZDI4MDZhMjEwY2E3ZTI0Njp7ImNhcnRfaXRlbV9jb3VudCI6MH0="}, "model": "sessions.session", "pk": "404v8ot5pdsmiymr5pskg74n89w8edja"}, {"fields": {"expire_date": "2016-05-19T02:42:14.828Z", "session_data": "ZGJkZmNmY2MxZjU1YTE3ZDM2OThjMzkwNTVlYWYwNGY5ZjZjZDQzMDp7ImNhcnRfdG90YWwiOiJcIjI1LjAwXCIiLCJfYXV0aF91c2VyX2lkIjoiMSIsIm9yZGVyX2lkIjozMCwiX2F1dGhfdXNlcl9iYWNrZW5kIjoiZGphbmdvLmNvbnRyaWIuYXV0aC5iYWNrZW5kcy5Nb2RlbEJhY2tlbmQiLCJfc2Vzc2lvbl9leHBpcnkiOjAsImNhcnRfaXRlbV9jb3VudCI6MSwidXNlcl9jaGVja291dF9pZCI6MiwiX2F1dGhfdXNlcl9oYXNoIjoiNTQ0MTA4ZWQwYTIzYjYyN2ViODMzNTdhODM2MjE5OTg2YzE0MDFkMSIsImNhcnRfaWQiOjQxfQ=="}, "model": "sessions.session", "pk": "53iquuntd18f85wwucuq7akxzo6yacj7"}, {"fields": {"expire_date": "2016-08-30T23:59:59.150Z", "session_data": "NjNiMzVhZGMxZDQ3YzBkNjNkMTA3ZjA0ZDI4MDZhMjEwY2E3ZTI0Njp7ImNhcnRfaXRlbV9jb3VudCI6MH0="}, "model": "sessions.session", "pk": "7av0h8mzzm83bums2f60ac5yhknnz1pu"}, {"fields": {"expire_date": "2016-05-01T17:25:09.002Z", "session_data": "MWU5MDA5MTIwZTA4MmRjMDI4ZTA5YmQ0NjE4YzZkZDNkNTJmNjY3Mjp7Il9hdXRoX3VzZXJfaWQiOiIxIiwiX2F1dGhfdXNlcl9iYWNrZW5kIjoiZGphbmdvLmNvbnRyaWIuYXV0aC5iYWNrZW5kcy5Nb2RlbEJhY2tlbmQiLCJfc2Vzc2lvbl9leHBpcnkiOjAsImNhcnRfaXRlbV9jb3VudCI6MCwiX2F1dGhfdXNlcl9oYXNoIjoiNTQ0MTA4ZWQwYTIzYjYyN2ViODMzNTdhODM2MjE5OTg2YzE0MDFkMSIsImNhcnRfaWQiOjIwfQ=="}, "model": "sessions.session", "pk": "8xl2p5v7l04dcpjoopsuyuw3yu8vy5ul"}, {"fields": {"expire_date": "2016-06-03T02:53:03.973Z", "session_data": "NjNiMzVhZGMxZDQ3YzBkNjNkMTA3ZjA0ZDI4MDZhMjEwY2E3ZTI0Njp7ImNhcnRfaXRlbV9jb3VudCI6MH0="}, "model": "sessions.session", "pk": "95xecexckk59t8zdo7fvwh3l819x0zv6"}, {"fields": {"expire_date": "2016-05-14T18:38:43.356Z", "session_data": "ZmFiZGNhNTIyMzU0MDg5MDI5MWU5NzNiNDgzZjJmZWIwM2UyYWFhZDp7ImNhcnRfdG90YWwiOiJcIjBcIiJ9"}, "model": "sessions.session", "pk": "9z4fo1mepkx1szk8d0kqg90tyb5j8jkh"}, {"fields": {"expire_date": "2016-05-31T18:11:48.386Z", "session_data": "ZmFiZGNhNTIyMzU0MDg5MDI5MWU5NzNiNDgzZjJmZWIwM2UyYWFhZDp7ImNhcnRfdG90YWwiOiJcIjBcIiJ9"}, "model": "sessions.session", "pk": "b2q6aoz4grfoqpzho7l06wooo2cqzgog"}, {"fields": {"expire_date": "2016-06-02T20:31:37.985Z", "session_data": "NjNiMzVhZGMxZDQ3YzBkNjNkMTA3ZjA0ZDI4MDZhMjEwY2E3ZTI0Njp7ImNhcnRfaXRlbV9jb3VudCI6MH0="}, "model": "sessions.session", "pk": "bqfvyt4zfhtliphdzbsrcx2a7ihypfku"}, {"fields": {"expire_date": "2016-06-02T20:16:49.910Z", "session_data": "NjNiMzVhZGMxZDQ3YzBkNjNkMTA3ZjA0ZDI4MDZhMjEwY2E3ZTI0Njp7ImNhcnRfaXRlbV9jb3VudCI6MH0="}, "model": "sessions.session", "pk": "btvmm2jmg7dah37vjvswlo3bv9uwk0od"}, {"fields": {"expire_date": "2016-06-02T20:18:47.859Z", "session_data": "NjNiMzVhZGMxZDQ3YzBkNjNkMTA3ZjA0ZDI4MDZhMjEwY2E3ZTI0Njp7ImNhcnRfaXRlbV9jb3VudCI6MH0="}, "model": "sessions.session", "pk": "cws7ip09t7gitdlbzhnkz0q8iqs8kgnu"}, {"fields": {"expire_date": "2016-08-30T22:08:32.080Z", "session_data": "NjNiMzVhZGMxZDQ3YzBkNjNkMTA3ZjA0ZDI4MDZhMjEwY2E3ZTI0Njp7ImNhcnRfaXRlbV9jb3VudCI6MH0="}, "model": "sessions.session", "pk": "dxs2p2aid1z5zh2t44i1b4tvstaafa36"}, {"fields": {"expire_date": "2016-05-07T17:12:12.273Z", "session_data": "NjNiMzVhZGMxZDQ3YzBkNjNkMTA3ZjA0ZDI4MDZhMjEwY2E3ZTI0Njp7ImNhcnRfaXRlbV9jb3VudCI6MH0="}, "model": "sessions.session", "pk": "ew3d1yswmwyrn85pe8b8i1v297kp6wnm"}, {"fields": {"expire_date": "2016-06-07T18:23:33.315Z", "session_data": "NjNiMzVhZGMxZDQ3YzBkNjNkMTA3ZjA0ZDI4MDZhMjEwY2E3ZTI0Njp7ImNhcnRfaXRlbV9jb3VudCI6MH0="}, "model": "sessions.session", "pk": "f3n4uofnh7rdh7x7yrkc9t22k8xzx42r"}, {"fields": {"expire_date": "2016-06-09T05:17:49.283Z", "session_data": "NjNiMzVhZGMxZDQ3YzBkNjNkMTA3ZjA0ZDI4MDZhMjEwY2E3ZTI0Njp7ImNhcnRfaXRlbV9jb3VudCI6MH0="}, "model": "sessions.session", "pk": "fd0phjtmtx5st9uhz87vfe16yan5r3ke"}, {"fields": {"expire_date": "2016-06-09T05:19:22.902Z", "session_data": "NjNiMzVhZGMxZDQ3YzBkNjNkMTA3ZjA0ZDI4MDZhMjEwY2E3ZTI0Njp7ImNhcnRfaXRlbV9jb3VudCI6MH0="}, "model": "sessions.session", "pk": "g9j3mox3oqt8lu0owd7mbjjiwq85xwqn"}, {"fields": {"expire_date": "2016-06-01T23:04:02.540Z", "session_data": "MjJlNWZkYzA3MmRhODBlNjdhM2QwYWRlOTVlMTBmYWVlOGExMTUwYzp7ImNhcnRfdG90YWwiOiJcIjBcIiIsImNhcnRfaXRlbV9jb3VudCI6MH0="}, "model": "sessions.session", "pk": "ge9kc9izy049jmqmtz1sf1kbxlgk873i"}, {"fields": {"expire_date": "2016-07-19T15:05:35.265Z", "session_data": "ZmFiZGNhNTIyMzU0MDg5MDI5MWU5NzNiNDgzZjJmZWIwM2UyYWFhZDp7ImNhcnRfdG90YWwiOiJcIjBcIiJ9"}, "model": "sessions.session", "pk": "h0e43rr6bhgxrmaqs10y9gnf8hyexii5"}, {"fields": {"expire_date": "2016-03-06T19:37:04.525Z", "session_data": "OTdlN2E3NzQ5NjNkYjliMDhhMjg4ZmVkOWM3YWQzYTFmMzUwNGE4OTp7Il9hdXRoX3VzZXJfaGFzaCI6IjU0NDEwOGVkMGEyM2I2MjdlYjgzMzU3YTgzNjIxOTk4NmMxNDAxZDEiLCJfYXV0aF91c2VyX2JhY2tlbmQiOiJkamFuZ28uY29udHJpYi5hdXRoLmJhY2tlbmRzLk1vZGVsQmFja2VuZCIsIl9hdXRoX3VzZXJfaWQiOiIxIn0="}, "model": "sessions.session", "pk": "ho95mm7m61qclf0hp3kocdn8jdayujut"}, {"fields": {"expire_date": "2016-05-12T19:59:51.434Z", "session_data": "MTEzMjU2ZmRlOTc1N2U5OGY4MjQ0NTUyOTdkMjcyM2E3NWRkNDhlZDp7ImNhcnRfdG90YWwiOiJoZWxsbyIsImNhcnRfaWQiOjM4LCJfc2Vzc2lvbl9leHBpcnkiOjAsImNhcnRfaXRlbV9jb3VudCI6MX0="}, "model": "sessions.session", "pk": "i4f0wkoexxz1p26uj8g3b0tzqo9zn7m8"}, {"fields": {"expire_date": "2016-05-14T20:15:32.317Z", "session_data": "NjNiMzVhZGMxZDQ3YzBkNjNkMTA3ZjA0ZDI4MDZhMjEwY2E3ZTI0Njp7ImNhcnRfaXRlbV9jb3VudCI6MH0="}, "model": "sessions.session", "pk": "i655zjmctjxsgfvzv7r2uifxk1lpi0rr"}, {"fields": {"expire_date": "2016-06-08T12:04:35.622Z", "session_data": "NjNiMzVhZGMxZDQ3YzBkNjNkMTA3ZjA0ZDI4MDZhMjEwY2E3ZTI0Njp7ImNhcnRfaXRlbV9jb3VudCI6MH0="}, "model": "sessions.session", "pk": "i7qfpkgjpq5ze4n0i1wv2pb0b081ilo1"}, {"fields": {"expire_date": "2016-06-02T20:24:49.288Z", "session_data": "NjNiMzVhZGMxZDQ3YzBkNjNkMTA3ZjA0ZDI4MDZhMjEwY2E3ZTI0Njp7ImNhcnRfaXRlbV9jb3VudCI6MH0="}, "model": "sessions.session", "pk": "j888nccrmxxo10ltericv6lsvay7ldkj"}, {"fields": {"expire_date": "2016-05-31T18:04:56.487Z", "session_data": "ZmFiZGNhNTIyMzU0MDg5MDI5MWU5NzNiNDgzZjJmZWIwM2UyYWFhZDp7ImNhcnRfdG90YWwiOiJcIjBcIiJ9"}, "model": "sessions.session", "pk": "j9y4yhj4zsqkwo8jlhcq0n79fw51treo"}, {"fields": {"expire_date": "2016-06-02T20:21:55.688Z", "session_data": "NjNiMzVhZGMxZDQ3YzBkNjNkMTA3ZjA0ZDI4MDZhMjEwY2E3ZTI0Njp7ImNhcnRfaXRlbV9jb3VudCI6MH0="}, "model": "sessions.session", "pk": "jjl5lsebexjlhndmqpkldv1h74mtd3xe"}, {"fields": {"expire_date": "2016-08-20T21:17:51.320Z", "session_data": "ZmFiZGNhNTIyMzU0MDg5MDI5MWU5NzNiNDgzZjJmZWIwM2UyYWFhZDp7ImNhcnRfdG90YWwiOiJcIjBcIiJ9"}, "model": "sessions.session", "pk": "l23ik9h7an141cxi2qmqa5xthjykqnwb"}, {"fields": {"expire_date": "2016-05-11T17:59:40.666Z", "session_data": "MGNlYTMxYjAyYzJhZjVmMWI3YTZiYjRlZmVhYjE5ZWIwZmYxZmEyNzp7InVzZXJfY2hlY2tvdXRfaWQiOjIwLCJfc2Vzc2lvbl9leHBpcnkiOjAsImNhcnRfaXRlbV9jb3VudCI6MH0="}, "model": "sessions.session", "pk": "l4y5bv84shfa4zmhfa5vfp1ai9f4yrf2"}, {"fields": {"expire_date": "2016-06-02T20:24:13.728Z", "session_data": "NjNiMzVhZGMxZDQ3YzBkNjNkMTA3ZjA0ZDI4MDZhMjEwY2E3ZTI0Njp7ImNhcnRfaXRlbV9jb3VudCI6MH0="}, "model": "sessions.session", "pk": "lxh3xo4wqi697dwb6n3mwqu0h85b4q16"}, {"fields": {"expire_date": "2016-05-19T03:24:19.677Z", "session_data": "NjNiMzVhZGMxZDQ3YzBkNjNkMTA3ZjA0ZDI4MDZhMjEwY2E3ZTI0Njp7ImNhcnRfaXRlbV9jb3VudCI6MH0="}, "model": "sessions.session", "pk": "m75hbyfckltu6j7bfdhzpaml6edyg4ql"}, {"fields": {"expire_date": "2016-05-25T01:38:58.792Z", "session_data": "ZGRkY2E0ODNmNjBkN2QyNGFlZWY5NDYxNjc5YTUyZDE0YjUwNzM2YTp7ImNhcnRfdG90YWwiOiJcIjI1LjAwXCIiLCJfYXV0aF91c2VyX2lkIjoiMSIsIl9hdXRoX3VzZXJfYmFja2VuZCI6ImRqYW5nby5jb250cmliLmF1dGguYmFja2VuZHMuTW9kZWxCYWNrZW5kIiwiX3Nlc3Npb25fZXhwaXJ5IjowLCJjYXJ0X2l0ZW1fY291bnQiOjAsInVzZXJfY2hlY2tvdXRfaWQiOjIsIl9hdXRoX3VzZXJfaGFzaCI6IjU0NDEwOGVkMGEyM2I2MjdlYjgzMzU3YTgzNjIxOTk4NmMxNDAxZDEiLCJjYXJ0X2lkIjo0Nn0="}, "model": "sessions.session", "pk": "n7j1hv05mwc81rq733fxylmzh6ylyyln"}, {"fields": {"expire_date": "2016-08-30T22:40:35.137Z", "session_data": "YTUyMzBjYmE3ZWJkMGUwZTlhZTdjNzc2ZGE0Y2NmZDk1YjEyOGFlYTp7Il9hdXRoX3VzZXJfaGFzaCI6IjU0NDEwOGVkMGEyM2I2MjdlYjgzMzU3YTgzNjIxOTk4NmMxNDAxZDEiLCJfYXV0aF91c2VyX2lkIjoiMSIsIl9hdXRoX3VzZXJfYmFja2VuZCI6ImRqYW5nby5jb250cmliLmF1dGguYmFja2VuZHMuTW9kZWxCYWNrZW5kIiwiX3Nlc3Npb25fZXhwaXJ5IjowLCJjYXJ0X2l0ZW1fY291bnQiOjAsImNhcnRfdG90YWwiOiJcIjAuMDBcIiIsImNhcnRfaWQiOjg4fQ=="}, "model": "sessions.session", "pk": "nib5y7phj4spw8cfat4np3bdkh7c7bw2"}, {"fields": {"expire_date": "2016-05-19T17:58:21.476Z", "session_data": "NjNiMzVhZGMxZDQ3YzBkNjNkMTA3ZjA0ZDI4MDZhMjEwY2E3ZTI0Njp7ImNhcnRfaXRlbV9jb3VudCI6MH0="}, "model": "sessions.session", "pk": "pl0zwt3o439a7rpu1q7v9w44v0ojq4js"}, {"fields": {"expire_date": "2016-06-03T03:10:23.837Z", "session_data": "NjNiMzVhZGMxZDQ3YzBkNjNkMTA3ZjA0ZDI4MDZhMjEwY2E3ZTI0Njp7ImNhcnRfaXRlbV9jb3VudCI6MH0="}, "model": "sessions.session", "pk": "q3ql0hrhwqkrxxyszi3lt2hzuznpidh0"}, {"fields": {"expire_date": "2016-06-03T17:20:25.638Z", "session_data": "YjhmMDk3YzE1MGQyNjBjYjI5ZDQ4MzczMTQwODFjODZjODAzNTQzNjp7ImNhcnRfdG90YWwiOiJcIjBcIiIsIl9hdXRoX3VzZXJfaWQiOiIxIiwiX2F1dGhfdXNlcl9iYWNrZW5kIjoiZGphbmdvLmNvbnRyaWIuYXV0aC5iYWNrZW5kcy5Nb2RlbEJhY2tlbmQiLCJfc2Vzc2lvbl9leHBpcnkiOjAsImNhcnRfaXRlbV9jb3VudCI6MCwidXNlcl9jaGVja291dF9pZCI6MiwiX2F1dGhfdXNlcl9oYXNoIjoiNTQ0MTA4ZWQwYTIzYjYyN2ViODMzNTdhODM2MjE5OTg2YzE0MDFkMSJ9"}, "model": "sessions.session", "pk": "qjxymqxaeb5728ft2nqyg0rozd7ve84i"}, {"fields": {"expire_date": "2016-05-26T18:57:19.824Z", "session_data": "NjNiMzVhZGMxZDQ3YzBkNjNkMTA3ZjA0ZDI4MDZhMjEwY2E3ZTI0Njp7ImNhcnRfaXRlbV9jb3VudCI6MH0="}, "model": "sessions.session", "pk": "rgzasm5pymhzxs5rb5an4aaa1cblkxvr"}, {"fields": {"expire_date": "2016-06-09T05:16:21.173Z", "session_data": "NjNiMzVhZGMxZDQ3YzBkNjNkMTA3ZjA0ZDI4MDZhMjEwY2E3ZTI0Njp7ImNhcnRfaXRlbV9jb3VudCI6MH0="}, "model": "sessions.session", "pk": "rndy0u1f0he5cco2qsqt6qujstnumjv2"}, {"fields": {"expire_date": "2016-04-29T01:10:18.224Z", "session_data": "MDk2ZWVlZDEyNzFlNWEwNTZjMmU1YWI3YmU4ODc1YzNjNDZiYTFiYjp7ImNhcnRfaWQiOjE5LCJfc2Vzc2lvbl9leHBpcnkiOjAsImNhcnRfaXRlbV9jb3VudCI6MH0="}, "model": "sessions.session", "pk": "s0qsk47y3zc2250m4dzeukstnn1ta9gp"}, {"fields": {"expire_date": "2016-05-14T18:38:35.479Z", "session_data": "NjNiMzVhZGMxZDQ3YzBkNjNkMTA3ZjA0ZDI4MDZhMjEwY2E3ZTI0Njp7ImNhcnRfaXRlbV9jb3VudCI6MH0="}, "model": "sessions.session", "pk": "sfa1u9it8kkb5kbcpsf9ndxk1tuitsuf"}, {"fields": {"expire_date": "2016-05-31T18:01:04.370Z", "session_data": "YjlhOWE0MDViMDA1MWEyMGJjNjlhNmZiMmFmNTUyMjU0ZDcxNDUwZDp7Il9hdXRoX3VzZXJfaGFzaCI6IjU0NDEwOGVkMGEyM2I2MjdlYjgzMzU3YTgzNjIxOTk4NmMxNDAxZDEiLCJfYXV0aF91c2VyX2lkIjoiMSIsIm9yZGVyX2lkIjozNiwiX2F1dGhfdXNlcl9iYWNrZW5kIjoiZGphbmdvLmNvbnRyaWIuYXV0aC5iYWNrZW5kcy5Nb2RlbEJhY2tlbmQiLCJfc2Vzc2lvbl9leHBpcnkiOjAsImNhcnRfaXRlbV9jb3VudCI6MCwidXNlcl9jaGVja291dF9pZCI6MiwiY2FydF90b3RhbCI6IlwiMC4wMFwiIiwiY2FydF9pZCI6NTF9"}, "model": "sessions.session", "pk": "sn78y7zsirlwos62d86kx3fekm74q0ol"}, {"fields": {"expire_date": "2016-05-11T00:02:54.109Z", "session_data": "NmE3NzcyZTk2YjRlMGJkYjc2ODQ2MmI4NTgyOTIxOTUzNzdmNzYxMjp7InVzZXJfY2hlY2tvdXRfaWQiOjE5LCJjYXJ0X2lkIjozNiwiX3Nlc3Npb25fZXhwaXJ5IjowLCJjYXJ0X2l0ZW1fY291bnQiOjB9"}, "model": "sessions.session", "pk": "t5jayco1x22nad613z3u7ip2pyz2uh0f"}, {"fields": {"expire_date": "2016-04-17T17:57:50.776Z", "session_data": "NjAwYWRlOGJkZWU1ODc2Y2ZkNzY5ZWRmYzU1YjM0Y2EwNjZiY2FhZDp7ImNhcnRfaWQiOjMsIl9zZXNzaW9uX2V4cGlyeSI6MH0="}, "model": "sessions.session", "pk": "ulbl794pzbnupv34agpm0j2f13cmcwtp"}, {"fields": {"expire_date": "2016-06-03T03:13:37.879Z", "session_data": "NjNiMzVhZGMxZDQ3YzBkNjNkMTA3ZjA0ZDI4MDZhMjEwY2E3ZTI0Njp7ImNhcnRfaXRlbV9jb3VudCI6MH0="}, "model": "sessions.session", "pk": "unsykn5tum1kmaiy7p9xkzy68p92g5zu"}, {"fields": {"expire_date": "2016-08-30T23:59:59.151Z", "session_data": "ZmFiZGNhNTIyMzU0MDg5MDI5MWU5NzNiNDgzZjJmZWIwM2UyYWFhZDp7ImNhcnRfdG90YWwiOiJcIjBcIiJ9"}, "model": "sessions.session", "pk": "usqts53p3z8188kkd84qla12trfjmkmf"}, {"fields": {"expire_date": "2016-06-02T20:16:27.589Z", "session_data": "NjNiMzVhZGMxZDQ3YzBkNjNkMTA3ZjA0ZDI4MDZhMjEwY2E3ZTI0Njp7ImNhcnRfaXRlbV9jb3VudCI6MH0="}, "model": "sessions.session", "pk": "uw744gmqtj2rlrmwbrxzxylx90938vsj"}, {"fields": {"expire_date": "2016-06-09T05:21:46.827Z", "session_data": "YTcwMzZlN2FkYzQxYzQ3ZGVkY2FlZTRiMmQ0NzE0NmMzMzU2ZmIwNDp7Il9hdXRoX3VzZXJfaGFzaCI6IjU0NDEwOGVkMGEyM2I2MjdlYjgzMzU3YTgzNjIxOTk4NmMxNDAxZDEiLCJfYXV0aF91c2VyX2lkIjoiMSIsIl9hdXRoX3VzZXJfYmFja2VuZCI6ImRqYW5nby5jb250cmliLmF1dGguYmFja2VuZHMuTW9kZWxCYWNrZW5kIiwiX3Nlc3Npb25fZXhwaXJ5IjowLCJjYXJ0X3RvdGFsIjoiXCIwLjAwXCIiLCJjYXJ0X2lkIjo2N30="}, "model": "sessions.session", "pk": "vjal4op90ky5bnbyhsceo12o4je9l8l4"}, {"fields": {"expire_date": "2016-05-25T22:28:18.468Z", "session_data": "NjNiMzVhZGMxZDQ3YzBkNjNkMTA3ZjA0ZDI4MDZhMjEwY2E3ZTI0Njp7ImNhcnRfaXRlbV9jb3VudCI6MH0="}, "model": "sessions.session", "pk": "vnhxg3r0bwqwjm2vxtc63zmy44bl9cpp"}, {"fields": {"expire_date": "2016-06-03T03:13:57.671Z", "session_data": "NjNiMzVhZGMxZDQ3YzBkNjNkMTA3ZjA0ZDI4MDZhMjEwY2E3ZTI0Njp7ImNhcnRfaXRlbV9jb3VudCI6MH0="}, "model": "sessions.session", "pk": "x9qhnjj5k4atkngvm4f3fy6lwt2aog54"}, {"fields": {"expire_date": "2016-06-09T04:45:27.365Z", "session_data": "NjNiMzVhZGMxZDQ3YzBkNjNkMTA3ZjA0ZDI4MDZhMjEwY2E3ZTI0Njp7ImNhcnRfaXRlbV9jb3VudCI6MH0="}, "model": "sessions.session", "pk": "ybg8ncorlwgr70709t9zgbkz1nk4z3fh"}, {"fields": {"expire_date": "2016-07-19T15:08:07.559Z", "session_data": "ZmIxMjVjYmRlMjY5YTE3ZjU4NTU5Mzk0MTIyNGI2YmE1MDgxMDliZjp7ImNhcnRfdG90YWwiOiJcIjM2LjAwXCIiLCJjYXJ0X2lkIjo2OCwiX3Nlc3Npb25fZXhwaXJ5IjowLCJjYXJ0X2l0ZW1fY291bnQiOjN9"}, "model": "sessions.session", "pk": "yfgmbhpkxzh0yfpqixcf5oeigsau2hho"}, {"fields": {"expire_date": "2016-05-07T17:12:14.063Z", "session_data": "NjNiMzVhZGMxZDQ3YzBkNjNkMTA3ZjA0ZDI4MDZhMjEwY2E3ZTI0Njp7ImNhcnRfaXRlbV9jb3VudCI6MH0="}, "model": "sessions.session", "pk": "z5wuzwnpasaatbnkqwavsarskei40vya"}, {"fields": {"expire_date": "2016-05-03T18:49:43.791Z", "session_data": "MGE2MmMyNWYwMjA3OGM5YzZjN2Y3YTAxMTliOGQzNDY2ZjA1ZTk2Yzp7Il9hdXRoX3VzZXJfaWQiOiIxIiwiYWRkX3R5cGUiOiJzaGlwcGluZyIsIl9hdXRoX3VzZXJfYmFja2VuZCI6ImRqYW5nby5jb250cmliLmF1dGguYmFja2VuZHMuTW9kZWxCYWNrZW5kIiwiX3Nlc3Npb25fZXhwaXJ5IjowLCJjYXJ0X2l0ZW1fY291bnQiOjAsInVzZXJfY2hlY2tvdXRfaWQiOjIsIl9hdXRoX3VzZXJfaGFzaCI6IjU0NDEwOGVkMGEyM2I2MjdlYjgzMzU3YTgzNjIxOTk4NmMxNDAxZDEifQ=="}, "model": "sessions.session", "pk": "z8m1wkox5f6i69ojbds3wripl1fphmp4"}, {"fields": {"domain": "vennuck.com", "name": "Vennuck Skate Crafts"}, "model": "sites.site", "pk": 2}, {"fields": {"active": true, "name": "vennuck", "slug": "vennuck"}, "model": "products.store", "pk": 1}, {"fields": {"active": true, "name": "positivemusa", "slug": "positivemusa"}, "model": "products.store", "pk": 2}, {"fields": {"description": "Camisa Prueba", "title": "Wool 5panel hat", "price": "20.00", "categories": [2], "active": true, "store": [1]}, "model": "products.product", "pk": 4}, {"fields": {"description": "", "title": "Hang loose III", "price": "16.00", "categories": [], "active": true, "store": [2]}, "model": "products.product", "pk": 7}, {"fields": {"description": "", "title": "Spiraling I", "price": "20.00", "categories": [], "active": true, "store": [2]}, "model": "products.product", "pk": 8}, {"fields": {"description": "", "title": "Somewhere in Puerto Rico", "price": "10.00", "categories": [], "active": true, "store": [2]}, "model": "products.product", "pk": 9}, {"fields": {"description": "", "title": "Taiguey Sk8 Collection", "price": "150.00", "categories": [], "active": true, "store": [1]}, "model": "products.product", "pk": 10}, {"fields": {"description": "", "title": "Vennuck Triangle T-Shirt", "price": "15.00", "categories": [], "active": true, "store": [1]}, "model": "products.product", "pk": 11}, {"fields": {"product": 4, "title": "Default", "price": "20.00", "inventory": null, "active": true, "sale_price": null}, "model": "products.variation", "pk": 8}, {"fields": {"product": 7, "title": "Default", "price": "16.00", "inventory": null, "active": true, "sale_price": null}, "model": "products.variation", "pk": 14}, {"fields": {"product": 7, "title": "X-Small", "price": "16.00", "inventory": null, "active": true, "sale_price": null}, "model": "products.variation", "pk": 15}, {"fields": {"product": 7, "title": "Small", "price": "16.00", "inventory": null, "active": true, "sale_price": null}, "model": "products.variation", "pk": 16}, {"fields": {"product": 7, "title": "Medium", "price": "16.00", "inventory": null, "active": true, "sale_price": null}, "model": "products.variation", "pk": 17}, {"fields": {"product": 7, "title": "Large", "price": "16.00", "inventory": null, "active": true, "sale_price": null}, "model": "products.variation", "pk": 18}, {"fields": {"product": 8, "title": "Default", "price": "20.00", "inventory": null, "active": true, "sale_price": null}, "model": "products.variation", "pk": 19}, {"fields": {"product": 8, "title": "Small", "price": "20.00", "inventory": null, "active": true, "sale_price": null}, "model": "products.variation", "pk": 20}, {"fields": {"product": 8, "title": "Medium", "price": "20.00", "inventory": null, "active": true, "sale_price": null}, "model": "products.variation", "pk": 21}, {"fields": {"product": 8, "title": "Large", "price": "20.00", "inventory": null, "active": true, "sale_price": null}, "model": "products.variation", "pk": 22}, {"fields": {"product": 8, "title": "X-Large", "price": "20.00", "inventory": null, "active": true, "sale_price": null}, "model": "products.variation", "pk": 23}, {"fields": {"product": 9, "title": "Default", "price": "10.00", "inventory": null, "active": true, "sale_price": null}, "model": "products.variation", "pk": 24}, {"fields": {"product": 9, "title": "14-16", "price": "10.00", "inventory": null, "active": true, "sale_price": null}, "model": "products.variation", "pk": 25}, {"fields": {"product": 9, "title": "Small", "price": "10.00", "inventory": null, "active": true, "sale_price": null}, "model": "products.variation", "pk": 26}, {"fields": {"product": 9, "title": "Medium", "price": "10.00", "inventory": null, "active": true, "sale_price": null}, "model": "products.variation", "pk": 27}, {"fields": {"product": 10, "title": "Default", "price": "150.00", "inventory": null, "active": true, "sale_price": null}, "model": "products.variation", "pk": 28}, {"fields": {"product": 11, "title": "Default", "price": "15.00", "inventory": null, "active": true, "sale_price": null}, "model": "products.variation", "pk": 29}, {"fields": {"product": 11, "title": "Small", "price": "15.00", "inventory": null, "active": true, "sale_price": null}, "model": "products.variation", "pk": 30}, {"fields": {"product": 11, "title": "Medium", "price": "15.00", "inventory": null, "active": true, "sale_price": null}, "model": "products.variation", "pk": 31}, {"fields": {"product": 11, "title": "Large", "price": "15.00", "inventory": null, "active": true, "sale_price": null}, "model": "products.variation", "pk": 32}, {"fields": {"product": 11, "title": "X-Large", "price": "15.00", "inventory": null, "active": true, "sale_price": null}, "model": "products.variation", "pk": 33}, {"fields": {"product": 4, "image": "products/wool-5panel-hat/None.jpg"}, "model": "products.productimage", "pk": 4}, {"fields": {"product": 7, "image": "products/hang-loose-iii/None.JPG"}, "model": "products.productimage", "pk": 7}, {"fields": {"product": 8, "image": "products/spiraling-i/None.jpg"}, "model": "products.productimage", "pk": 8}, {"fields": {"product": 9, "image": "products/somewhere-in-puerto-rico/None.jpg"}, "model": "products.productimage", "pk": 9}, {"fields": {"product": 10, "image": "products/taiguey-sk8-collection/None.jpg"}, "model": "products.productimage", "pk": 10}, {"fields": {"product": 11, "image": "products/vennuck-triangle-t-shirt/None.jpg"}, "model": "products.productimage", "pk": 11}, {"fields": {"active": true, "timestamp": "2016-03-11T03:33:26.408Z", "description": "", "slug": "electronics", "title": "Electronics"}, "model": "products.category", "pk": 1}, {"fields": {"active": true, "timestamp": "2016-03-11T03:34:08.399Z", "description": "", "slug": "accessories", "title": "Accessories"}, "model": "products.category", "pk": 2}, {"fields": {"active": true, "image": "stores/None.jpg", "store": 2}, "model": "products.frontimage", "pk": 3}, {"fields": {"active": true, "image": "stores/None_01QsFzK.jpg", "store": 2}, "model": "products.frontimage", "pk": 4}, {"fields": {"active": true, "image": "stores/None_7bAbpDz.jpg", "store": 2}, "model": "products.frontimage", "pk": 5}, {"fields": {"active": true, "image": "stores/None_MtB9c5z.jpg", "store": 1}, "model": "products.frontimage", "pk": 11}, {"fields": {"active": true, "image": "stores/None_lZhMytr.jpg", "store": 1}, "model": "products.frontimage", "pk": 12}, {"fields": {"line_item_total": "20.00", "item": 8, "cart": 15, "quantity": 1}, "model": "carts.cartitem", "pk": 42}, {"fields": {"line_item_total": "20.00", "item": 8, "cart": 16, "quantity": 1}, "model": "carts.cartitem", "pk": 43}, {"fields": {"line_item_total": "20.00", "item": 8, "cart": 21, "quantity": 1}, "model": "carts.cartitem", "pk": 47}, {"fields": {"line_item_total": "60.00", "item": 8, "cart": 22, "quantity": 3}, "model": "carts.cartitem", "pk": 48}, {"fields": {"line_item_total": "100.00", "item": 8, "cart": 24, "quantity": 5}, "model": "carts.cartitem", "pk": 52}, {"fields": {"line_item_total": "20.00", "item": 8, "cart": 25, "quantity": 1}, "model": "carts.cartitem", "pk": 54}, {"fields": {"line_item_total": "20.00", "item": 8, "cart": 30, "quantity": 1}, "model": "carts.cartitem", "pk": 59}, {"fields": {"line_item_total": "40.00", "item": 8, "cart": 31, "quantity": 2}, "model": "carts.cartitem", "pk": 60}, {"fields": {"line_item_total": "20.00", "item": 8, "cart": 32, "quantity": 1}, "model": "carts.cartitem", "pk": 61}, {"fields": {"line_item_total": "80.00", "item": 8, "cart": 34, "quantity": 4}, "model": "carts.cartitem", "pk": 65}, {"fields": {"line_item_total": "20.00", "item": 8, "cart": 35, "quantity": 1}, "model": "carts.cartitem", "pk": 66}, {"fields": {"line_item_total": "20.00", "item": 8, "cart": 37, "quantity": 1}, "model": "carts.cartitem", "pk": 67}, {"fields": {"line_item_total": "20.00", "item": 8, "cart": 38, "quantity": 1}, "model": "carts.cartitem", "pk": 69}, {"fields": {"line_item_total": "20.00", "item": 8, "cart": 39, "quantity": 1}, "model": "carts.cartitem", "pk": 70}, {"fields": {"line_item_total": "20.00", "item": 8, "cart": 44, "quantity": 1}, "model": "carts.cartitem", "pk": 97}, {"fields": {"line_item_total": "20.00", "item": 8, "cart": 47, "quantity": 1}, "model": "carts.cartitem", "pk": 101}, {"fields": {"line_item_total": "20.00", "item": 8, "cart": 48, "quantity": 1}, "model": "carts.cartitem", "pk": 102}, {"fields": {"line_item_total": "20.00", "item": 8, "cart": 49, "quantity": 1}, "model": "carts.cartitem", "pk": 103}, {"fields": {"line_item_total": "3900.00", "item": 28, "cart": 52, "quantity": 26}, "model": "carts.cartitem", "pk": 106}, {"fields": {"line_item_total": "105.00", "item": 30, "cart": 52, "quantity": 7}, "model": "carts.cartitem", "pk": 107}, {"fields": {"line_item_total": "150.00", "item": 28, "cart": 53, "quantity": 1}, "model": "carts.cartitem", "pk": 110}, {"fields": {"line_item_total": "150.00", "item": 28, "cart": 55, "quantity": 1}, "model": "carts.cartitem", "pk": 111}, {"fields": {"line_item_total": "20.00", "item": 8, "cart": 56, "quantity": 1}, "model": "carts.cartitem", "pk": 112}, {"fields": {"line_item_total": "50.00", "item": 25, "cart": 57, "quantity": 5}, "model": "carts.cartitem", "pk": 113}, {"fields": {"line_item_total": "16.00", "item": 15, "cart": 58, "quantity": 1}, "model": "carts.cartitem", "pk": 115}, {"fields": {"line_item_total": "15.00", "item": 30, "cart": 59, "quantity": 1}, "model": "carts.cartitem", "pk": 116}, {"fields": {"line_item_total": "16.00", "item": 18, "cart": 68, "quantity": 1}, "model": "carts.cartitem", "pk": 118}, {"fields": {"line_item_total": "10.00", "item": 26, "cart": 68, "quantity": 1}, "model": "carts.cartitem", "pk": 119}, {"fields": {"line_item_total": "10.00", "item": 27, "cart": 68, "quantity": 1}, "model": "carts.cartitem", "pk": 120}, {"fields": {"line_item_total": "1040.00", "item": 15, "cart": 75, "quantity": 65}, "model": "carts.cartitem", "pk": 121}, {"fields": {"line_item_total": "48.00", "item": 15, "cart": 85, "quantity": 3}, "model": "carts.cartitem", "pk": 123}, {"fields": {"city": "Gurabo", "zipcode": "00778", "state": "PR", "street": "205 camino de las palmas", "user": 2, "type": "billing"}, "model": "orders.useraddress", "pk": 12}, {"fields": {"city": "Gurabo", "zipcode": "00778", "state": "PR", "street": "205 camino de las palmas", "user": 2, "type": "shipping"}, "model": "orders.useraddress", "pk": 13}, {"fields": {"city": "Gurabo", "zipcode": "00778", "state": "PR", "street": "205 camino de las palmas", "user": 6, "type": "shipping"}, "model": "orders.useraddress", "pk": 14}, {"fields": {"city": "Gurabo", "zipcode": "00778", "state": "PR", "street": "205 camino de las palmas", "user": 6, "type": "shipping"}, "model": "orders.useraddress", "pk": 15}, {"fields": {"city": "Gurabo", "zipcode": "00778", "state": "PR", "street": "205 camino de las palmas", "user": 7, "type": "billing"}, "model": "orders.useraddress", "pk": 16}, {"fields": {"city": "Gurabo", "zipcode": "00778", "state": "PR", "street": "205 camino de las palmas", "user": 7, "type": "shipping"}, "model": "orders.useraddress", "pk": 17}, {"fields": {"city": "Gurabo", "zipcode": "00778", "state": "PR", "street": "205 camino de las palmas", "user": 7, "type": "shipping"}, "model": "orders.useraddress", "pk": 18}, {"fields": {"city": "Gurabo", "zipcode": "00778", "state": "PR", "street": "205 camino de las palmas", "user": 8, "type": "billing"}, "model": "orders.useraddress", "pk": 19}, {"fields": {"city": "Gurabo", "zipcode": "00778", "state": "PR", "street": "205 camino de las palmas", "user": 8, "type": "shipping"}, "model": "orders.useraddress", "pk": 20}, {"fields": {"city": "testing", "zipcode": "00727", "state": "PR", "street": "testing", "user": 9, "type": "billing"}, "model": "orders.useraddress", "pk": 21}, {"fields": {"city": "pr", "zipcode": "00727", "state": "pr", "street": "testing", "user": 9, "type": "shipping"}, "model": "orders.useraddress", "pk": 22}, {"fields": {"city": "123", "zipcode": "00778", "state": "00778", "street": "123", "user": 3, "type": "billing"}, "model": "orders.useraddress", "pk": 23}, {"fields": {"city": "123", "zipcode": "00778", "state": "PR", "street": "123", "user": 3, "type": "shipping"}, "model": "orders.useraddress", "pk": 24}, {"fields": {"city": "Gurabo", "zipcode": "00778", "state": "PR", "street": "123", "user": 10, "type": "billing"}, "model": "orders.useraddress", "pk": 25}, {"fields": {"city": "Gurabo", "zipcode": "00778", "state": "PR", "street": "123", "user": 10, "type": "shipping"}, "model": "orders.useraddress", "pk": 26}, {"fields": {"city": "Gurabo", "zipcode": "00778", "state": "PR", "street": "205 camino de las palmas", "user": 11, "type": "billing"}, "model": "orders.useraddress", "pk": 27}, {"fields": {"city": "Gurabo", "zipcode": "00778", "state": "PR", "street": "205 camino de las palmas", "user": 12, "type": "shipping"}, "model": "orders.useraddress", "pk": 29}, {"fields": {"city": "Gurabo", "zipcode": "00778", "state": "PR", "street": "205 camino de las palmas", "user": 12, "type": "billing"}, "model": "orders.useraddress", "pk": 30}, {"fields": {"city": "Gurabo", "zipcode": "00778", "state": "PR", "street": "205 camino de las palmas", "user": 13, "type": "billing"}, "model": "orders.useraddress", "pk": 31}, {"fields": {"city": "Gurabo", "zipcode": "00778", "state": "PR", "street": "205 camino de las palmas", "user": 14, "type": "billing"}, "model": "orders.useraddress", "pk": 32}, {"fields": {"city": "Gurabo", "zipcode": "00778", "state": "PR", "street": "205 camino de las palmas", "user": 14, "type": "billing"}, "model": "orders.useraddress", "pk": 33}, {"fields": {"city": "Gurabo", "zipcode": "00778", "state": "PR", "street": "205 camino de las palmas", "user": 15, "type": "billing"}, "model": "orders.useraddress", "pk": 34}, {"fields": {"city": "Gurabo", "zipcode": "00778", "state": "PR", "street": "205 camino de las palmas", "user": 16, "type": "shipping"}, "model": "orders.useraddress", "pk": 35}, {"fields": {"city": "Gurabo", "zipcode": "00778", "state": "PR", "street": "205 camino de las palmas", "user": 16, "type": "billing"}, "model": "orders.useraddress", "pk": 36}, {"fields": {"city": "Gurabo", "zipcode": "00778", "state": "PR", "street": "205 camino de las palmas", "user": 17, "type": "billing"}, "model": "orders.useraddress", "pk": 37}, {"fields": {"city": "Gurabo", "zipcode": "00778", "state": "PR", "street": "205 camino de las palmas", "user": 18, "type": "billing"}, "model": "orders.useraddress", "pk": 38}, {"fields": {"city": "Gurabo", "zipcode": "00778", "state": "PR", "street": "205 camino de las palmas", "user": 18, "type": "shipping"}, "model": "orders.useraddress", "pk": 39}, {"fields": {"city": "Gurabo", "zipcode": "00778", "state": "PR", "street": "205 camino de las palmas", "user": 19, "type": "shipping"}, "model": "orders.useraddress", "pk": 40}, {"fields": {"city": "Gurabo", "zipcode": "00778", "state": "PR", "street": "205 camino de las palmas", "user": 19, "type": "billing"}, "model": "orders.useraddress", "pk": 41}, {"fields": {"city": "Gurabo", "zipcode": "00778", "state": "PR", "street": "205 camino de las palmas", "user": 20, "type": "shipping"}, "model": "orders.useraddress", "pk": 42}, {"fields": {"city": "Gurabo", "zipcode": "00778", "state": "PR", "street": "205 camino de las palmas", "user": 20, "type": "billing"}, "model": "orders.useraddress", "pk": 43}, {"fields": {"city": "Caguas", "zipcode": "00727", "state": "PR", "street": "Street 305", "user": 22, "type": "shipping"}, "model": "orders.useraddress", "pk": 44}, {"fields": {"city": "Caguas", "zipcode": "00727", "state": "PR", "street": "Street 305", "user": 22, "type": "billing"}, "model": "orders.useraddress", "pk": 45}, {"fields": {"city": "Gurabo", "zipcode": "00778", "state": "", "street": "205 camino de las palmas", "user": 1, "type": "billing"}, "model": "orders.useraddress", "pk": 46}, {"fields": {"status": "created", "billing_address": null, "order_total": "117.49", "order_id": null, "shipping_total_price": "5.99", "cart": 5, "paid_date": null, "user": null, "shipping_address": null}, "model": "orders.order", "pk": 1}, {"fields": {"status": "created", "billing_address": null, "order_total": "117.49", "order_id": null, "shipping_total_price": "5.99", "cart": 10, "paid_date": null, "user": null, "shipping_address": null}, "model": "orders.order", "pk": 6}, {"fields": {"status": "paid", "billing_address": 12, "order_total": "72.72", "order_id": "5ym9t3", "shipping_total_price": "5.99", "cart": 13, "paid_date": null, "user": 2, "shipping_address": 13}, "model": "orders.order", "pk": 9}, {"fields": {"status": "paid", "billing_address": 12, "order_total": "28.23", "order_id": "ckhc6x", "shipping_total_price": "5.99", "cart": 14, "paid_date": null, "user": 2, "shipping_address": 13}, "model": "orders.order", "pk": 10}, {"fields": {"status": "created", "billing_address": null, "order_total": "28.29", "order_id": null, "shipping_total_price": "5.99", "cart": 15, "paid_date": null, "user": null, "shipping_address": null}, "model": "orders.order", "pk": 11}, {"fields": {"status": "created", "billing_address": null, "order_total": "28.29", "order_id": null, "shipping_total_price": "5.99", "cart": 16, "paid_date": null, "user": null, "shipping_address": null}, "model": "orders.order", "pk": 12}, {"fields": {"status": "created", "billing_address": 16, "order_total": "28.29", "order_id": null, "shipping_total_price": "5.99", "cart": 17, "paid_date": null, "user": 7, "shipping_address": 17}, "model": "orders.order", "pk": 13}, {"fields": {"status": "created", "billing_address": 19, "order_total": "28.29", "order_id": null, "shipping_total_price": "5.99", "cart": 18, "paid_date": null, "user": 8, "shipping_address": 20}, "model": "orders.order", "pk": 14}, {"fields": {"status": "paid", "billing_address": 21, "order_total": "28.29", "order_id": "2yc2z7", "shipping_total_price": "5.99", "cart": 21, "paid_date": null, "user": 9, "shipping_address": 22}, "model": "orders.order", "pk": 15}, {"fields": {"status": "paid", "billing_address": 12, "order_total": "72.89", "order_id": "h6z9pn", "shipping_total_price": "5.99", "cart": 22, "paid_date": null, "user": 2, "shipping_address": 13}, "model": "orders.order", "pk": 16}, {"fields": {"status": "paid", "billing_address": 12, "order_total": "28.29", "order_id": "gmshqs", "shipping_total_price": "5.99", "cart": 23, "paid_date": null, "user": 2, "shipping_address": 13}, "model": "orders.order", "pk": 17}, {"fields": {"status": "created", "billing_address": 23, "order_total": "125.99", "order_id": null, "shipping_total_price": "5.99", "cart": 24, "paid_date": null, "user": 3, "shipping_address": 24}, "model": "orders.order", "pk": 18}, {"fields": {"status": "paid", "billing_address": 25, "order_total": "25.99", "order_id": "jfgs3h", "shipping_total_price": "5.99", "cart": 25, "paid_date": null, "user": 10, "shipping_address": 26}, "model": "orders.order", "pk": 19}, {"fields": {"status": "created", "billing_address": null, "order_total": "30.99", "order_id": null, "shipping_total_price": "5.99", "cart": 27, "paid_date": null, "user": null, "shipping_address": null}, "model": "orders.order", "pk": 20}, {"fields": {"status": "created", "billing_address": 30, "order_total": "30.99", "order_id": null, "shipping_total_price": "5.99", "cart": 28, "paid_date": null, "user": 12, "shipping_address": 29}, "model": "orders.order", "pk": 21}, {"fields": {"status": "created", "billing_address": null, "order_total": "25.99", "order_id": null, "shipping_total_price": "5.99", "cart": 29, "paid_date": null, "user": null, "shipping_address": null}, "model": "orders.order", "pk": 22}, {"fields": {"status": "created", "billing_address": null, "order_total": "25.99", "order_id": null, "shipping_total_price": "5.99", "cart": 30, "paid_date": null, "user": null, "shipping_address": null}, "model": "orders.order", "pk": 23}, {"fields": {"status": "created", "billing_address": null, "order_total": "25.99", "order_id": null, "shipping_total_price": "5.99", "cart": 31, "paid_date": null, "user": null, "shipping_address": null}, "model": "orders.order", "pk": 24}, {"fields": {"status": "created", "billing_address": 36, "order_total": "25.99", "order_id": null, "shipping_total_price": "5.99", "cart": 32, "paid_date": null, "user": 16, "shipping_address": 35}, "model": "orders.order", "pk": 25}, {"fields": {"status": "created", "billing_address": null, "order_total": "25.99", "order_id": null, "shipping_total_price": "5.99", "cart": 33, "paid_date": null, "user": null, "shipping_address": null}, "model": "orders.order", "pk": 26}, {"fields": {"status": "created", "billing_address": 38, "order_total": "25.99", "order_id": null, "shipping_total_price": "5.99", "cart": 34, "paid_date": null, "user": 18, "shipping_address": 39}, "model": "orders.order", "pk": 27}, {"fields": {"status": "paid", "billing_address": 41, "order_total": "25.99", "order_id": "hb9gtn", "shipping_total_price": "5.99", "cart": 35, "paid_date": null, "user": 19, "shipping_address": 40}, "model": "orders.order", "pk": 28}, {"fields": {"status": "paid", "billing_address": 43, "order_total": "25.99", "order_id": "58492c", "shipping_total_price": "5.99", "cart": 37, "paid_date": null, "user": 20, "shipping_address": 42}, "model": "orders.order", "pk": 29}, {"fields": {"status": "paid", "billing_address": 12, "order_total": "30.99", "order_id": "894grs", "shipping_total_price": "5.99", "cart": 41, "paid_date": null, "user": 2, "shipping_address": 13}, "model": "orders.order", "pk": 30}, {"fields": {"status": "paid", "billing_address": 12, "order_total": "70.99", "order_id": "92mgph", "shipping_total_price": "5.99", "cart": 44, "paid_date": "2016-05-11", "user": 2, "shipping_address": 13}, "model": "orders.order", "pk": 31}, {"fields": {"status": "paid", "billing_address": 12, "order_total": "25.99", "order_id": "3qczg7", "shipping_total_price": "5.99", "cart": 45, "paid_date": "2016-05-11", "user": 2, "shipping_address": 13}, "model": "orders.order", "pk": 32}, {"fields": {"status": "paid", "billing_address": 41, "order_total": "25.99", "order_id": "frzbph", "shipping_total_price": "5.99", "cart": 47, "paid_date": "2016-05-11", "user": 19, "shipping_address": 40}, "model": "orders.order", "pk": 33}, {"fields": {"status": "paid", "billing_address": 12, "order_total": "25.99", "order_id": "4pbnkn", "shipping_total_price": "5.99", "cart": 48, "paid_date": "2016-05-12", "user": 2, "shipping_address": 13}, "model": "orders.order", "pk": 34}, {"fields": {"status": "paid", "billing_address": 12, "order_total": "25.99", "order_id": "hk5fms", "shipping_total_price": "5.99", "cart": 49, "paid_date": "2016-05-12", "user": 2, "shipping_address": 13}, "model": "orders.order", "pk": 35}, {"fields": {"status": "created", "billing_address": 12, "order_total": "25.99", "order_id": null, "shipping_total_price": "5.99", "cart": 51, "paid_date": null, "user": 2, "shipping_address": 13}, "model": "orders.order", "pk": 36}, {"fields": {"status": "created", "billing_address": null, "order_total": "4010.99", "order_id": null, "shipping_total_price": "5.99", "cart": 52, "paid_date": null, "user": null, "shipping_address": null}, "model": "orders.order", "pk": 37}, {"fields": {"status": "paid", "billing_address": 12, "order_total": "155.99", "order_id": "9nppxc", "shipping_total_price": "5.99", "cart": 53, "paid_date": "2016-05-20", "user": 2, "shipping_address": 13}, "model": "orders.order", "pk": 38}, {"fields": {"status": "paid", "billing_address": 12, "order_total": "155.99", "order_id": "5x78rs", "shipping_total_price": "5.99", "cart": 55, "paid_date": "2016-05-20", "user": 2, "shipping_address": 13}, "model": "orders.order", "pk": 39}, {"fields": {"status": "paid", "billing_address": 12, "order_total": "25.99", "order_id": "58ftm7", "shipping_total_price": "5.99", "cart": 56, "paid_date": "2016-05-20", "user": 2, "shipping_address": 13}, "model": "orders.order", "pk": 40}, {"fields": {"status": "paid", "billing_address": 12, "order_total": "55.99", "order_id": "8nmb5n", "shipping_total_price": "5.99", "cart": 57, "paid_date": "2016-05-24", "user": 2, "shipping_address": 13}, "model": "orders.order", "pk": 41}, {"fields": {"status": "created", "billing_address": null, "order_total": "20.99", "order_id": null, "shipping_total_price": "5.99", "cart": 58, "paid_date": null, "user": null, "shipping_address": null}, "model": "orders.order", "pk": 42}, {"fields": {"status": "created", "billing_address": null, "order_total": "20.99", "order_id": null, "shipping_total_price": "5.99", "cart": 59, "paid_date": null, "user": null, "shipping_address": null}, "model": "orders.order", "pk": 43}, {"fields": {"status": "created", "billing_address": 45, "order_total": "20.99", "order_id": null, "shipping_total_price": "5.99", "cart": 60, "paid_date": null, "user": 22, "shipping_address": 44}, "model": "orders.order", "pk": 44}, {"fields": {"status": "created", "billing_address": 12, "order_total": "53.99", "order_id": "", "shipping_total_price": "5.99", "cart": 85, "paid_date": null, "user": 2, "shipping_address": 12}, "model": "orders.order", "pk": 45}, {"fields": {"codename": "add_logentry", "name": "Can add log entry", "content_type": 1}, "model": "auth.permission", "pk": 1}, {"fields": {"codename": "change_logentry", "name": "Can change log entry", "content_type": 1}, "model": "auth.permission", "pk": 2}, {"fields": {"codename": "delete_logentry", "name": "Can delete log entry", "content_type": 1}, "model": "auth.permission", "pk": 3}, {"fields": {"codename": "add_permission", "name": "Can add permission", "content_type": 2}, "model": "auth.permission", "pk": 4}, {"fields": {"codename": "change_permission", "name": "Can change permission", "content_type": 2}, "model": "auth.permission", "pk": 5}, {"fields": {"codename": "delete_permission", "name": "Can delete permission", "content_type": 2}, "model": "auth.permission", "pk": 6}, {"fields": {"codename": "add_group", "name": "Can add group", "content_type": 3}, "model": "auth.permission", "pk": 7}, {"fields": {"codename": "change_group", "name": "Can change group", "content_type": 3}, "model": "auth.permission", "pk": 8}, {"fields": {"codename": "delete_group", "name": "Can delete group", "content_type": 3}, "model": "auth.permission", "pk": 9}, {"fields": {"codename": "add_user", "name": "Can add user", "content_type": 4}, "model": "auth.permission", "pk": 10}, {"fields": {"codename": "change_user", "name": "Can change user", "content_type": 4}, "model": "auth.permission", "pk": 11}, {"fields": {"codename": "delete_user", "name": "Can delete user", "content_type": 4}, "model": "auth.permission", "pk": 12}, {"fields": {"codename": "add_contenttype", "name": "Can add content type", "content_type": 5}, "model": "auth.permission", "pk": 13}, {"fields": {"codename": "change_contenttype", "name": "Can change content type", "content_type": 5}, "model": "auth.permission", "pk": 14}, {"fields": {"codename": "delete_contenttype", "name": "Can delete content type", "content_type": 5}, "model": "auth.permission", "pk": 15}, {"fields": {"codename": "add_session", "name": "Can add session", "content_type": 6}, "model": "auth.permission", "pk": 16}, {"fields": {"codename": "change_session", "name": "Can change session", "content_type": 6}, "model": "auth.permission", "pk": 17}, {"fields": {"codename": "delete_session", "name": "Can delete session", "content_type": 6}, "model": "auth.permission", "pk": 18}, {"fields": {"codename": "add_site", "name": "Can add site", "content_type": 7}, "model": "auth.permission", "pk": 19}, {"fields": {"codename": "change_site", "name": "Can change site", "content_type": 7}, "model": "auth.permission", "pk": 20}, {"fields": {"codename": "delete_site", "name": "Can delete site", "content_type": 7}, "model": "auth.permission", "pk": 21}, {"fields": {"codename": "add_registrationprofile", "name": "Can add registration profile", "content_type": 8}, "model": "auth.permission", "pk": 22}, {"fields": {"codename": "change_registrationprofile", "name": "Can change registration profile", "content_type": 8}, "model": "auth.permission", "pk": 23}, {"fields": {"codename": "delete_registrationprofile", "name": "Can delete registration profile", "content_type": 8}, "model": "auth.permission", "pk": 24}, {"fields": {"codename": "add_signup", "name": "Can add sign up", "content_type": 9}, "model": "auth.permission", "pk": 25}, {"fields": {"codename": "change_signup", "name": "Can change sign up", "content_type": 9}, "model": "auth.permission", "pk": 26}, {"fields": {"codename": "delete_signup", "name": "Can delete sign up", "content_type": 9}, "model": "auth.permission", "pk": 27}, {"fields": {"codename": "add_product", "name": "Can add product", "content_type": 10}, "model": "auth.permission", "pk": 28}, {"fields": {"codename": "change_product", "name": "Can change product", "content_type": 10}, "model": "auth.permission", "pk": 29}, {"fields": {"codename": "delete_product", "name": "Can delete product", "content_type": 10}, "model": "auth.permission", "pk": 30}, {"fields": {"codename": "add_variation", "name": "Can add variation", "content_type": 11}, "model": "auth.permission", "pk": 31}, {"fields": {"codename": "change_variation", "name": "Can change variation", "content_type": 11}, "model": "auth.permission", "pk": 32}, {"fields": {"codename": "delete_variation", "name": "Can delete variation", "content_type": 11}, "model": "auth.permission", "pk": 33}, {"fields": {"codename": "add_productimage", "name": "Can add product image", "content_type": 12}, "model": "auth.permission", "pk": 34}, {"fields": {"codename": "change_productimage", "name": "Can change product image", "content_type": 12}, "model": "auth.permission", "pk": 35}, {"fields": {"codename": "delete_productimage", "name": "Can delete product image", "content_type": 12}, "model": "auth.permission", "pk": 36}, {"fields": {"codename": "add_category", "name": "Can add category", "content_type": 13}, "model": "auth.permission", "pk": 37}, {"fields": {"codename": "change_category", "name": "Can change category", "content_type": 13}, "model": "auth.permission", "pk": 38}, {"fields": {"codename": "delete_category", "name": "Can delete category", "content_type": 13}, "model": "auth.permission", "pk": 39}, {"fields": {"codename": "add_cartitem", "name": "Can add cart item", "content_type": 15}, "model": "auth.permission", "pk": 43}, {"fields": {"codename": "change_cartitem", "name": "Can change cart item", "content_type": 15}, "model": "auth.permission", "pk": 44}, {"fields": {"codename": "delete_cartitem", "name": "Can delete cart item", "content_type": 15}, "model": "auth.permission", "pk": 45}, {"fields": {"codename": "add_cart", "name": "Can add cart", "content_type": 16}, "model": "auth.permission", "pk": 46}, {"fields": {"codename": "change_cart", "name": "Can change cart", "content_type": 16}, "model": "auth.permission", "pk": 47}, {"fields": {"codename": "delete_cart", "name": "Can delete cart", "content_type": 16}, "model": "auth.permission", "pk": 48}, {"fields": {"codename": "add_usercheckout", "name": "Can add user checkout", "content_type": 17}, "model": "auth.permission", "pk": 49}, {"fields": {"codename": "change_usercheckout", "name": "Can change user checkout", "content_type": 17}, "model": "auth.permission", "pk": 50}, {"fields": {"codename": "delete_usercheckout", "name": "Can delete user checkout", "content_type": 17}, "model": "auth.permission", "pk": 51}, {"fields": {"codename": "add_useraddress", "name": "Can add user address", "content_type": 18}, "model": "auth.permission", "pk": 52}, {"fields": {"codename": "change_useraddress", "name": "Can change user address", "content_type": 18}, "model": "auth.permission", "pk": 53}, {"fields": {"codename": "delete_useraddress", "name": "Can delete user address", "content_type": 18}, "model": "auth.permission", "pk": 54}, {"fields": {"codename": "add_order", "name": "Can add order", "content_type": 19}, "model": "auth.permission", "pk": 55}, {"fields": {"codename": "change_order", "name": "Can change order", "content_type": 19}, "model": "auth.permission", "pk": 56}, {"fields": {"codename": "delete_order", "name": "Can delete order", "content_type": 19}, "model": "auth.permission", "pk": 57}, {"fields": {"codename": "add_store", "name": "Can add store", "content_type": 20}, "model": "auth.permission", "pk": 58}, {"fields": {"codename": "change_store", "name": "Can change store", "content_type": 20}, "model": "auth.permission", "pk": 59}, {"fields": {"codename": "delete_store", "name": "Can delete store", "content_type": 20}, "model": "auth.permission", "pk": 60}, {"fields": {"codename": "add_frontimage", "name": "Can add front image", "content_type": 22}, "model": "auth.permission", "pk": 64}, {"fields": {"codename": "change_frontimage", "name": "Can change front image", "content_type": 22}, "model": "auth.permission", "pk": 65}, {"fields": {"codename": "delete_frontimage", "name": "Can delete front image", "content_type": 22}, "model": "auth.permission", "pk": 66}, {"fields": {"codename": "add_corsmodel", "name": "Can add cors model", "content_type": 23}, "model": "auth.permission", "pk": 67}, {"fields": {"codename": "change_corsmodel", "name": "Can change cors model", "content_type": 23}, "model": "auth.permission", "pk": 68}, {"fields": {"codename": "delete_corsmodel", "name": "Can delete cors model", "content_type": 23}, "model": "auth.permission", "pk": 69}, {"fields": {"username": "carlos", "first_name": "", "last_name": "", "is_active": true, "is_superuser": true, "is_staff": true, "last_login": "2016-08-16T22:08:36.054Z", "groups": [], "user_permissions": [], "password": "pbkdf2_sha256$20000$Y4J4VduO6PLj$suf2xxzxlUDNJewRS26XAgzs88QSq1xWDHVrQa8NgMc=", "email": "carlos@eml.com", "date_joined": "2016-02-21T19:36:20.447Z"}, "model": "auth.user", "pk": 1}, {"fields": {"username": "carlosa54", "first_name": "", "last_name": "", "is_active": true, "is_superuser": false, "is_staff": false, "last_login": "2016-05-19T20:16:57.890Z", "groups": [], "user_permissions": [], "password": "pbkdf2_sha256$20000$q6iT8QP3r2yr$h2+61tZk0AD7dyezk7c/EshAcTpGcLIKHZfNUCS7MVU=", "email": "carlos.ramirez16@upr.edu", "date_joined": "2016-05-12T20:20:35.756Z"}, "model": "auth.user", "pk": 2}, {"fields": {"username": "testing1", "first_name": "", "last_name": "", "is_active": false, "is_superuser": false, "is_staff": false, "last_login": null, "groups": [], "user_permissions": [], "password": "pbkdf2_sha256$20000$3Od9XKcwiBXb$caHdZ5W6ztqF/WAcHA32L09h4+ROXhyerbNmysf6DeM=", "email": "carlos.ramirez16@upr.edu", "date_joined": "2016-05-19T20:28:03.900Z"}, "model": "auth.user", "pk": 3}, {"fields": {"username": "testing2", "first_name": "", "last_name": "", "is_active": true, "is_superuser": false, "is_staff": false, "last_login": "2016-05-19T20:36:13.115Z", "groups": [], "user_permissions": [], "password": "pbkdf2_sha256$20000$GyyYlMpGOCVN$u3z9opxHe/e+rh/uqnX9pSeJI+yrb6AsQCQCI7liqV4=", "email": "carlosarg54@gmail.com", "date_joined": "2016-05-19T20:35:20.586Z"}, "model": "auth.user", "pk": 4}, {"fields": {"activation_key": "99fbb7bb2125ac2a5984e30e20aa88a7eae53e99", "activated": true, "user": 2}, "model": "registration.registrationprofile", "pk": 1}, {"fields": {"activation_key": "83da98a8978a9d5005f5ad9260e11b56a3092e3e", "activated": false, "user": 3}, "model": "registration.registrationprofile", "pk": 2}, {"fields": {"activation_key": "bcaa46e16bbcefdad0e33b38fe6c30697cb621e5", "activated": true, "user": 4}, "model": "registration.registrationprofile", "pk": 3}, {"fields": {"tax_total": "25.00", "updated": "2016-05-17T17:48:31.543Z", "timestamp": "2016-04-02T03:14:02.038Z", "subtotal": "0.00", "user": null, "active": true, "total": "0.00", "tax_percentage": "0.11500"}, "model": "carts.cart", "pk": 1}, {"fields": {"tax_total": "25.00", "updated": "2016-05-17T17:48:31.531Z", "timestamp": "2016-04-02T15:43:17.537Z", "subtotal": "0.00", "user": 1, "active": true, "total": "0.00", "tax_percentage": "0.11500"}, "model": "carts.cart", "pk": 2}, {"fields": {"tax_total": "25.00", "updated": "2016-05-17T17:48:31.535Z", "timestamp": "2016-04-02T18:20:16.639Z", "subtotal": "0.00", "user": null, "active": true, "total": "0.00", "tax_percentage": "0.11500"}, "model": "carts.cart", "pk": 3}, {"fields": {"tax_total": "13.79", "updated": "2016-05-17T17:48:31.525Z", "timestamp": "2016-04-03T18:05:10.965Z", "subtotal": "0.00", "user": null, "active": true, "total": "0.00", "tax_percentage": "0.11500"}, "model": "carts.cart", "pk": 4}, {"fields": {"tax_total": "11.50", "updated": "2016-05-17T17:48:31.515Z", "timestamp": "2016-04-09T17:36:07.986Z", "subtotal": "0.00", "user": null, "active": true, "total": "0.00", "tax_percentage": "0.11500"}, "model": "carts.cart", "pk": 5}, {"fields": {"tax_total": "11.50", "updated": "2016-05-17T17:48:31.510Z", "timestamp": "2016-04-09T17:58:54.889Z", "subtotal": "0.00", "user": null, "active": true, "total": "0.00", "tax_percentage": "0.11500"}, "model": "carts.cart", "pk": 6}, {"fields": {"tax_total": "11.50", "updated": "2016-05-17T17:48:31.506Z", "timestamp": "2016-04-09T18:17:37.100Z", "subtotal": "0.00", "user": 1, "active": true, "total": "0.00", "tax_percentage": "0.11500"}, "model": "carts.cart", "pk": 7}, {"fields": {"tax_total": "11.50", "updated": "2016-05-17T17:48:31.502Z", "timestamp": "2016-04-09T18:30:22.174Z", "subtotal": "0.00", "user": 1, "active": true, "total": "0.00", "tax_percentage": "0.11500"}, "model": "carts.cart", "pk": 8}, {"fields": {"tax_total": "0.00", "updated": "2016-04-09T18:56:02.021Z", "timestamp": "2016-04-09T18:54:19.437Z", "subtotal": "0.00", "user": 1, "active": true, "total": "0.00", "tax_percentage": "0.11500"}, "model": "carts.cart", "pk": 9}, {"fields": {"tax_total": "11.50", "updated": "2016-05-17T17:48:31.498Z", "timestamp": "2016-04-09T19:04:04.587Z", "subtotal": "0.00", "user": 1, "active": true, "total": "0.00", "tax_percentage": "0.11500"}, "model": "carts.cart", "pk": 10}, {"fields": {"tax_total": "11.50", "updated": "2016-05-17T17:48:31.494Z", "timestamp": "2016-04-09T19:04:42.672Z", "subtotal": "0.00", "user": 1, "active": true, "total": "0.00", "tax_percentage": "0.11500"}, "model": "carts.cart", "pk": 11}, {"fields": {"tax_total": "2.29", "updated": "2016-05-17T17:48:31.490Z", "timestamp": "2016-04-13T00:26:12.176Z", "subtotal": "0.00", "user": 1, "active": true, "total": "0.00", "tax_percentage": "0.11500"}, "model": "carts.cart", "pk": 12}, {"fields": {"tax_total": "6.88", "updated": "2016-05-17T17:48:31.485Z", "timestamp": "2016-04-13T00:34:37.411Z", "subtotal": "0.00", "user": 1, "active": true, "total": "0.00", "tax_percentage": "0.11500"}, "model": "carts.cart", "pk": 13}, {"fields": {"tax_total": "2.29", "updated": "2016-05-17T17:48:31.480Z", "timestamp": "2016-04-13T00:51:48.851Z", "subtotal": "0.00", "user": 1, "active": true, "total": "0.00", "tax_percentage": "0.11500"}, "model": "carts.cart", "pk": 14}, {"fields": {"tax_total": "2.30", "updated": "2016-04-13T22:16:57.161Z", "timestamp": "2016-04-13T22:16:54.284Z", "subtotal": "20.00", "user": 1, "active": true, "total": "22.30", "tax_percentage": "0.11500"}, "model": "carts.cart", "pk": 15}, {"fields": {"tax_total": "2.30", "updated": "2016-04-13T22:17:15.541Z", "timestamp": "2016-04-13T22:17:15.529Z", "subtotal": "20.00", "user": null, "active": true, "total": "22.30", "tax_percentage": "0.11500"}, "model": "carts.cart", "pk": 16}, {"fields": {"tax_total": "0.00", "updated": "2016-04-13T22:52:36.051Z", "timestamp": "2016-04-13T22:49:26.729Z", "subtotal": "0.00", "user": null, "active": true, "total": "0.00", "tax_percentage": "0.11500"}, "model": "carts.cart", "pk": 17}, {"fields": {"tax_total": "0.00", "updated": "2016-04-13T22:59:51.100Z", "timestamp": "2016-04-13T22:55:02.835Z", "subtotal": "0.00", "user": null, "active": true, "total": "0.00", "tax_percentage": "0.11500"}, "model": "carts.cart", "pk": 18}, {"fields": {"tax_total": "2.88", "updated": "2016-04-15T01:08:42.237Z", "timestamp": "2016-04-15T01:08:42.237Z", "subtotal": "25.00", "user": null, "active": true, "total": "27.88", "tax_percentage": "0.11500"}, "model": "carts.cart", "pk": 19}, {"fields": {"tax_total": "0.00", "updated": "2016-04-17T17:23:57.273Z", "timestamp": "2016-04-17T15:28:36.557Z", "subtotal": "0.00", "user": 1, "active": true, "total": "0.00", "tax_percentage": "0.11500"}, "model": "carts.cart", "pk": 20}, {"fields": {"tax_total": "2.30", "updated": "2016-04-19T02:03:55.298Z", "timestamp": "2016-04-19T02:03:55.285Z", "subtotal": "20.00", "user": null, "active": true, "total": "22.30", "tax_percentage": "0.11500"}, "model": "carts.cart", "pk": 21}, {"fields": {"tax_total": "6.90", "updated": "2016-04-19T18:46:06.581Z", "timestamp": "2016-04-19T18:42:10.757Z", "subtotal": "60.00", "user": 1, "active": true, "total": "66.90", "tax_percentage": "0.11500"}, "model": "carts.cart", "pk": 22}, {"fields": {"tax_total": "2.30", "updated": "2016-05-18T23:00:07.079Z", "timestamp": "2016-04-19T18:49:03.569Z", "subtotal": "0.00", "user": 1, "active": true, "total": "0.00", "tax_percentage": "0.11500"}, "model": "carts.cart", "pk": 23}, {"fields": {"tax_total": "2.30", "updated": "2016-05-18T23:00:07.074Z", "timestamp": "2016-04-22T00:56:55.631Z", "subtotal": "100.00", "user": null, "active": true, "total": "100.00", "tax_percentage": "0.11500"}, "model": "carts.cart", "pk": 24}, {"fields": {"tax_total": "25.00", "updated": "2016-04-22T13:57:04.237Z", "timestamp": "2016-04-22T13:57:04.225Z", "subtotal": "20.00", "user": null, "active": true, "total": "20.00", "tax_percentage": "0.11500"}, "model": "carts.cart", "pk": 25}, {"fields": {"tax_total": "25.00", "updated": "2016-05-18T23:00:07.066Z", "timestamp": "2016-04-22T14:09:19.725Z", "subtotal": "0.00", "user": 1, "active": true, "total": "0.00", "tax_percentage": "0.11500"}, "model": "carts.cart", "pk": 26}, {"fields": {"tax_total": "25.00", "updated": "2016-05-18T23:00:07.063Z", "timestamp": "2016-04-23T17:12:14.042Z", "subtotal": "0.00", "user": null, "active": true, "total": "0.00", "tax_percentage": "0.11500"}, "model": "carts.cart", "pk": 27}, {"fields": {"tax_total": "25.00", "updated": "2016-05-18T23:00:07.060Z", "timestamp": "2016-04-23T17:31:45.059Z", "subtotal": "0.00", "user": null, "active": true, "total": "0.00", "tax_percentage": "0.11500"}, "model": "carts.cart", "pk": 28}, {"fields": {"tax_total": "25.00", "updated": "2016-05-18T23:00:07.056Z", "timestamp": "2016-04-23T17:35:04.156Z", "subtotal": "0.00", "user": null, "active": true, "total": "0.00", "tax_percentage": "0.11500"}, "model": "carts.cart", "pk": 29}, {"fields": {"tax_total": "25.00", "updated": "2016-04-23T17:43:33.209Z", "timestamp": "2016-04-23T17:43:33.197Z", "subtotal": "20.00", "user": null, "active": true, "total": "20.00", "tax_percentage": "0.11500"}, "model": "carts.cart", "pk": 30}, {"fields": {"tax_total": "25.00", "updated": "2016-04-23T18:17:06.010Z", "timestamp": "2016-04-23T18:03:38.793Z", "subtotal": "40.00", "user": 1, "active": true, "total": "40.00", "tax_percentage": "0.11500"}, "model": "carts.cart", "pk": 31}, {"fields": {"tax_total": "25.00", "updated": "2016-04-23T18:17:16.212Z", "timestamp": "2016-04-23T18:17:16.202Z", "subtotal": "20.00", "user": null, "active": true, "total": "20.00", "tax_percentage": "0.11500"}, "model": "carts.cart", "pk": 32}, {"fields": {"tax_total": "25.00", "updated": "2016-05-18T23:00:07.052Z", "timestamp": "2016-04-23T18:18:58.265Z", "subtotal": "0.00", "user": null, "active": true, "total": "0.00", "tax_percentage": "0.11500"}, "model": "carts.cart", "pk": 33}, {"fields": {"tax_total": "25.00", "updated": "2016-04-25T22:05:46.838Z", "timestamp": "2016-04-23T18:21:15.939Z", "subtotal": "80.00", "user": 1, "active": true, "total": "80.00", "tax_percentage": "0.11500"}, "model": "carts.cart", "pk": 34}, {"fields": {"tax_total": "25.00", "updated": "2016-04-25T22:05:57.196Z", "timestamp": "2016-04-25T22:05:57.186Z", "subtotal": "20.00", "user": null, "active": true, "total": "20.00", "tax_percentage": "0.11500"}, "model": "carts.cart", "pk": 35}, {"fields": {"tax_total": "25.00", "updated": "2016-04-27T17:57:55.448Z", "timestamp": "2016-04-27T17:57:55.436Z", "subtotal": "20.00", "user": null, "active": true, "total": "20.00", "tax_percentage": "0.11500"}, "model": "carts.cart", "pk": 37}, {"fields": {"tax_total": "25.00", "updated": "2016-04-28T19:53:07.079Z", "timestamp": "2016-04-28T19:01:58.719Z", "subtotal": "20.00", "user": null, "active": true, "total": "20.00", "tax_percentage": "0.11500"}, "model": "carts.cart", "pk": 38}, {"fields": {"tax_total": "25.00", "updated": "2016-04-30T18:22:33.290Z", "timestamp": "2016-04-30T18:22:18.749Z", "subtotal": "20.00", "user": null, "active": true, "total": "20.00", "tax_percentage": "0.11500"}, "model": "carts.cart", "pk": 39}, {"fields": {"tax_total": "25.00", "updated": "2016-04-30T19:58:47.901Z", "timestamp": "2016-04-30T18:40:23.243Z", "subtotal": "0.00", "user": 1, "active": true, "total": "0.00", "tax_percentage": "0.11500"}, "model": "carts.cart", "pk": 40}, {"fields": {"tax_total": "25.00", "updated": "2016-05-18T23:00:07.047Z", "timestamp": "2016-04-30T20:16:28.280Z", "subtotal": "0.00", "user": 1, "active": true, "total": "0.00", "tax_percentage": "0.11500"}, "model": "carts.cart", "pk": 41}, {"fields": {"tax_total": "25.00", "updated": "2016-05-05T03:34:25.137Z", "timestamp": "2016-05-05T03:24:26.595Z", "subtotal": "0.00", "user": null, "active": true, "total": "0.00", "tax_percentage": "0.11500"}, "model": "carts.cart", "pk": 42}, {"fields": {"tax_total": "25.00", "updated": "2016-05-05T17:57:51.617Z", "timestamp": "2016-05-05T17:43:10.090Z", "subtotal": "0.00", "user": 1, "active": true, "total": "0.00", "tax_percentage": "0.11500"}, "model": "carts.cart", "pk": 43}, {"fields": {"tax_total": "25.00", "updated": "2016-05-18T23:00:07.044Z", "timestamp": "2016-05-05T18:09:37.374Z", "subtotal": "20.00", "user": 1, "active": true, "total": "20.00", "tax_percentage": "0.11500"}, "model": "carts.cart", "pk": 44}, {"fields": {"tax_total": "25.00", "updated": "2016-05-18T23:00:07.035Z", "timestamp": "2016-05-11T01:37:23.694Z", "subtotal": "0.00", "user": 1, "active": true, "total": "0.00", "tax_percentage": "0.11500"}, "model": "carts.cart", "pk": 45}, {"fields": {"tax_total": "25.00", "updated": "2016-05-11T01:38:51.080Z", "timestamp": "2016-05-11T01:38:51.061Z", "subtotal": "25.00", "user": 1, "active": true, "total": "25.00", "tax_percentage": "0.11500"}, "model": "carts.cart", "pk": 46}, {"fields": {"tax_total": "25.00", "updated": "2016-05-11T23:52:05.518Z", "timestamp": "2016-05-11T23:52:05.489Z", "subtotal": "20.00", "user": null, "active": true, "total": "20.00", "tax_percentage": "0.11500"}, "model": "carts.cart", "pk": 47}, {"fields": {"tax_total": "25.00", "updated": "2016-05-12T00:07:36.499Z", "timestamp": "2016-05-11T23:52:37.276Z", "subtotal": "20.00", "user": 1, "active": true, "total": "20.00", "tax_percentage": "0.11500"}, "model": "carts.cart", "pk": 48}, {"fields": {"tax_total": "25.00", "updated": "2016-05-12T17:41:24.472Z", "timestamp": "2016-05-12T00:08:47.786Z", "subtotal": "20.00", "user": 1, "active": true, "total": "20.00", "tax_percentage": "0.11500"}, "model": "carts.cart", "pk": 49}, {"fields": {"tax_total": "25.00", "updated": "2016-05-12T18:51:34.447Z", "timestamp": "2016-05-12T18:51:31.086Z", "subtotal": "0.00", "user": 1, "active": true, "total": "0.00", "tax_percentage": "0.11500"}, "model": "carts.cart", "pk": 50}, {"fields": {"tax_total": "25.00", "updated": "2016-05-14T20:00:44.233Z", "timestamp": "2016-05-12T20:28:21.097Z", "subtotal": "0.00", "user": 1, "active": true, "total": "0.00", "tax_percentage": "0.11500"}, "model": "carts.cart", "pk": 51}, {"fields": {"tax_total": "25.00", "updated": "2016-05-20T02:52:52.000Z", "timestamp": "2016-05-20T02:52:12.725Z", "subtotal": "4005.00", "user": 4, "active": true, "total": "4005.00", "tax_percentage": "0.11500"}, "model": "carts.cart", "pk": 52}, {"fields": {"tax_total": "25.00", "updated": "2016-05-20T03:10:16.105Z", "timestamp": "2016-05-20T02:53:41.039Z", "subtotal": "150.00", "user": 1, "active": true, "total": "150.00", "tax_percentage": "0.11500"}, "model": "carts.cart", "pk": 53}, {"fields": {"tax_total": "25.00", "updated": "2016-05-20T03:10:48.503Z", "timestamp": "2016-05-20T03:10:38.899Z", "subtotal": "25.00", "user": 1, "active": true, "total": "25.00", "tax_percentage": "0.11500"}, "model": "carts.cart", "pk": 54}, {"fields": {"tax_total": "25.00", "updated": "2016-05-20T03:11:46.478Z", "timestamp": "2016-05-20T03:10:49.731Z", "subtotal": "150.00", "user": 1, "active": true, "total": "150.00", "tax_percentage": "0.11500"}, "model": "carts.cart", "pk": 55}, {"fields": {"tax_total": "25.00", "updated": "2016-05-20T03:14:44.917Z", "timestamp": "2016-05-20T03:14:33.952Z", "subtotal": "20.00", "user": 1, "active": true, "total": "20.00", "tax_percentage": "0.11500"}, "model": "carts.cart", "pk": 56}, {"fields": {"tax_total": "25.00", "updated": "2016-05-24T18:20:31.841Z", "timestamp": "2016-05-24T18:20:31.669Z", "subtotal": "50.00", "user": null, "active": true, "total": "50.00", "tax_percentage": "0.11500"}, "model": "carts.cart", "pk": 57}, {"fields": {"tax_total": "25.00", "updated": "2016-05-25T12:03:05.763Z", "timestamp": "2016-05-24T18:29:01.280Z", "subtotal": "16.00", "user": null, "active": true, "total": "16.00", "tax_percentage": "0.11500"}, "model": "carts.cart", "pk": 58}, {"fields": {"tax_total": "25.00", "updated": "2016-05-26T04:46:03.337Z", "timestamp": "2016-05-26T04:46:02.976Z", "subtotal": "15.00", "user": null, "active": true, "total": "15.00", "tax_percentage": "0.11500"}, "model": "carts.cart", "pk": 59}, {"fields": {"tax_total": "25.00", "updated": "2016-05-26T05:12:49.889Z", "timestamp": "2016-05-26T04:49:00.499Z", "subtotal": "0.00", "user": 1, "active": true, "total": "0.00", "tax_percentage": "0.11500"}, "model": "carts.cart", "pk": 60}, {"fields": {"tax_total": "25.00", "updated": "2016-05-26T05:13:18.387Z", "timestamp": "2016-05-26T05:12:51.837Z", "subtotal": "25.00", "user": 1, "active": true, "total": "25.00", "tax_percentage": "0.11500"}, "model": "carts.cart", "pk": 61}, {"fields": {"tax_total": "25.00", "updated": "2016-05-26T05:19:04.866Z", "timestamp": "2016-05-26T05:18:00.538Z", "subtotal": "25.00", "user": 1, "active": true, "total": "25.00", "tax_percentage": "0.11500"}, "model": "carts.cart", "pk": 63}, {"fields": {"tax_total": "25.00", "updated": "2016-05-26T05:19:16.776Z", "timestamp": "2016-05-26T05:19:07.113Z", "subtotal": "25.00", "user": 1, "active": true, "total": "25.00", "tax_percentage": "0.11500"}, "model": "carts.cart", "pk": 64}, {"fields": {"tax_total": "25.00", "updated": "2016-05-26T05:19:53.923Z", "timestamp": "2016-05-26T05:19:25.319Z", "subtotal": "25.00", "user": 1, "active": true, "total": "25.00", "tax_percentage": "0.11500"}, "model": "carts.cart", "pk": 65}, {"fields": {"tax_total": "25.00", "updated": "2016-05-26T05:21:23.580Z", "timestamp": "2016-05-26T05:19:55.285Z", "subtotal": "25.00", "user": 1, "active": true, "total": "25.00", "tax_percentage": "0.11500"}, "model": "carts.cart", "pk": 66}, {"fields": {"tax_total": "25.00", "updated": "2016-05-26T05:21:46.525Z", "timestamp": "2016-05-26T05:21:36.067Z", "subtotal": "0.00", "user": 1, "active": true, "total": "0.00", "tax_percentage": "0.11500"}, "model": "carts.cart", "pk": 67}, {"fields": {"tax_total": "25.00", "updated": "2016-07-05T15:07:20.504Z", "timestamp": "2016-07-05T15:06:14.642Z", "subtotal": "36.00", "user": null, "active": true, "total": "36.00", "tax_percentage": "0.11500"}, "model": "carts.cart", "pk": 68}, {"fields": {"tax_total": "25.00", "updated": "2016-08-08T22:28:28.615Z", "timestamp": "2016-08-08T22:28:28.615Z", "subtotal": "25.00", "user": null, "active": true, "total": "25.00", "tax_percentage": "0.11500"}, "model": "carts.cart", "pk": 69}, {"fields": {"tax_total": "25.00", "updated": "2016-08-08T22:28:30.394Z", "timestamp": "2016-08-08T22:28:30.394Z", "subtotal": "25.00", "user": null, "active": true, "total": "25.00", "tax_percentage": "0.11500"}, "model": "carts.cart", "pk": 70}, {"fields": {"tax_total": "25.00", "updated": "2016-08-08T22:29:22.607Z", "timestamp": "2016-08-08T22:29:22.607Z", "subtotal": "25.00", "user": null, "active": true, "total": "25.00", "tax_percentage": "0.11500"}, "model": "carts.cart", "pk": 71}, {"fields": {"tax_total": "25.00", "updated": "2016-08-08T22:29:23.626Z", "timestamp": "2016-08-08T22:29:23.626Z", "subtotal": "25.00", "user": null, "active": true, "total": "25.00", "tax_percentage": "0.11500"}, "model": "carts.cart", "pk": 72}, {"fields": {"tax_total": "25.00", "updated": "2016-08-08T22:30:56.699Z", "timestamp": "2016-08-08T22:30:56.699Z", "subtotal": "25.00", "user": null, "active": true, "total": "25.00", "tax_percentage": "0.11500"}, "model": "carts.cart", "pk": 73}, {"fields": {"tax_total": "25.00", "updated": "2016-08-08T22:30:57.503Z", "timestamp": "2016-08-08T22:30:57.503Z", "subtotal": "25.00", "user": null, "active": true, "total": "25.00", "tax_percentage": "0.11500"}, "model": "carts.cart", "pk": 74}, {"fields": {"tax_total": "25.00", "updated": "2016-08-09T00:34:47.328Z", "timestamp": "2016-08-08T22:31:25.344Z", "subtotal": "1040.00", "user": null, "active": true, "total": "1040.00", "tax_percentage": "0.11500"}, "model": "carts.cart", "pk": 75}, {"fields": {"tax_total": "25.00", "updated": "2016-08-09T00:22:42.557Z", "timestamp": "2016-08-09T00:16:23.892Z", "subtotal": "0.00", "user": null, "active": true, "total": "0.00", "tax_percentage": "0.11500"}, "model": "carts.cart", "pk": 76}, {"fields": {"tax_total": "0.00", "updated": "2016-08-09T00:51:14.521Z", "timestamp": "2016-08-09T00:51:14.521Z", "subtotal": "0.00", "user": null, "active": true, "total": "0.00", "tax_percentage": "0.11500"}, "model": "carts.cart", "pk": 77}, {"fields": {"tax_total": "0.00", "updated": "2016-08-09T00:51:42.788Z", "timestamp": "2016-08-09T00:51:42.788Z", "subtotal": "0.00", "user": null, "active": true, "total": "0.00", "tax_percentage": "0.11500"}, "model": "carts.cart", "pk": 78}, {"fields": {"tax_total": "0.00", "updated": "2016-08-09T00:51:44.565Z", "timestamp": "2016-08-09T00:51:44.565Z", "subtotal": "0.00", "user": null, "active": true, "total": "0.00", "tax_percentage": "0.11500"}, "model": "carts.cart", "pk": 79}, {"fields": {"tax_total": "0.00", "updated": "2016-08-09T00:51:46.729Z", "timestamp": "2016-08-09T00:51:46.729Z", "subtotal": "0.00", "user": null, "active": true, "total": "0.00", "tax_percentage": "0.11500"}, "model": "carts.cart", "pk": 80}, {"fields": {"tax_total": "0.00", "updated": "2016-08-09T00:53:51.108Z", "timestamp": "2016-08-09T00:53:51.108Z", "subtotal": "0.00", "user": null, "active": true, "total": "0.00", "tax_percentage": "0.11500"}, "model": "carts.cart", "pk": 81}, {"fields": {"tax_total": "0.00", "updated": "2016-08-09T00:55:07.239Z", "timestamp": "2016-08-09T00:55:07.239Z", "subtotal": "0.00", "user": null, "active": true, "total": "0.00", "tax_percentage": "0.11500"}, "model": "carts.cart", "pk": 82}, {"fields": {"tax_total": "0.00", "updated": "2016-08-09T00:56:06.404Z", "timestamp": "2016-08-09T00:56:06.404Z", "subtotal": "0.00", "user": null, "active": true, "total": "0.00", "tax_percentage": "0.11500"}, "model": "carts.cart", "pk": 83}, {"fields": {"tax_total": "0.00", "updated": "2016-08-09T02:04:17.733Z", "timestamp": "2016-08-09T02:04:17.733Z", "subtotal": "0.00", "user": null, "active": true, "total": "0.00", "tax_percentage": "0.11500"}, "model": "carts.cart", "pk": 84}, {"fields": {"tax_total": "0.00", "updated": "2016-08-09T22:59:04.411Z", "timestamp": "2016-08-09T22:12:52.835Z", "subtotal": "48.00", "user": null, "active": false, "total": "48.00", "tax_percentage": "0.11500"}, "model": "carts.cart", "pk": 85}, {"fields": {"tax_total": "0.00", "updated": "2016-08-16T22:08:29.068Z", "timestamp": "2016-08-16T22:08:29.053Z", "subtotal": "0.00", "user": 1, "active": true, "total": "0.00", "tax_percentage": "0.11500"}, "model": "carts.cart", "pk": 86}, {"fields": {"tax_total": "0.00", "updated": "2016-08-16T22:37:49.498Z", "timestamp": "2016-08-16T22:37:49.498Z", "subtotal": "0.00", "user": null, "active": true, "total": "0.00", "tax_percentage": "0.11500"}, "model": "carts.cart", "pk": 87}, {"fields": {"tax_total": "0.00", "updated": "2016-08-16T22:40:20.427Z", "timestamp": "2016-08-16T22:40:18.360Z", "subtotal": "0.00", "user": 1, "active": true, "total": "0.00", "tax_percentage": "0.11500"}, "model": "carts.cart", "pk": 88}, {"fields": {"braintree_id": null, "user": null, "email": "test@eml.com"}, "model": "orders.usercheckout", "pk": 1}, {"fields": {"braintree_id": "71929248", "user": 1, "email": "carlos@eml.com"}, "model": "orders.usercheckout", "pk": 2}, {"fields": {"braintree_id": "81496377", "user": null, "email": "eml@eml.com"}, "model": "orders.usercheckout", "pk": 3}, {"fields": {"braintree_id": null, "user": null, "email": "e@test.com"}, "model": "orders.usercheckout", "pk": 4}, {"fields": {"braintree_id": null, "user": null, "email": "test2@eml.com"}, "model": "orders.usercheckout", "pk": 5}, {"fields": {"braintree_id": "17480555", "user": null, "email": "testing@test.com"}, "model": "orders.usercheckout", "pk": 6}, {"fields": {"braintree_id": "12943087", "user": null, "email": "testing1@test.com"}, "model": "orders.usercheckout", "pk": 7}, {"fields": {"braintree_id": "18180507", "user": null, "email": "1@eml.com"}, "model": "orders.usercheckout", "pk": 8}, {"fields": {"braintree_id": "26236377", "user": null, "email": "trt@eml.com"}, "model": "orders.usercheckout", "pk": 9}, {"fields": {"braintree_id": "76364957", "user": null, "email": "test3@eml.com"}, "model": "orders.usercheckout", "pk": 10}, {"fields": {"braintree_id": "16011425", "user": null, "email": "eml1@eml.com"}, "model": "orders.usercheckout", "pk": 11}, {"fields": {"braintree_id": "81674185", "user": null, "email": "carlos1@eml.com"}, "model": "orders.usercheckout", "pk": 12}, {"fields": {"braintree_id": "66369590", "user": null, "email": "test4@eml.com"}, "model": "orders.usercheckout", "pk": 13}, {"fields": {"braintree_id": "86902462", "user": null, "email": "test6@eml.com"}, "model": "orders.usercheckout", "pk": 14}, {"fields": {"braintree_id": "56083105", "user": null, "email": "carlos2@eml.com"}, "model": "orders.usercheckout", "pk": 15}, {"fields": {"braintree_id": "17662890", "user": null, "email": "test5@eml.com"}, "model": "orders.usercheckout", "pk": 16}, {"fields": {"braintree_id": "60090275", "user": null, "email": "carlos3@eml.com"}, "model": "orders.usercheckout", "pk": 17}, {"fields": {"braintree_id": "75283007", "user": null, "email": "carlos4@eml.com"}, "model": "orders.usercheckout", "pk": 18}, {"fields": {"braintree_id": "14080555", "user": null, "email": "carlos.ramirez16@upr.edu"}, "model": "orders.usercheckout", "pk": 19}, {"fields": {"braintree_id": "84425012", "user": null, "email": "christian.rivera48@upr.edu"}, "model": "orders.usercheckout", "pk": 20}, {"fields": {"braintree_id": "34703305", "user": 4, "email": "carlosarg54@gmail.com"}, "model": "orders.usercheckout", "pk": 21}, {"fields": {"braintree_id": "11687605", "user": null, "email": "screens@eml.com"}, "model": "orders.usercheckout", "pk": 22}, {"fields": {"braintree_id": "33480692", "user": null, "email": "abc@team.com"}, "model": "orders.usercheckout", "pk": 23}, {"fields": {"braintree_id": "52384798", "user": null, "email": "abc123@team.com"}, "model": "orders.usercheckout", "pk": 24}, {"fields": {"braintree_id": "75695377", "user": null, "email": "abc123@gmail.com"}, "model": "orders.usercheckout", "pk": 25}, {"fields": {"action_flag": 1, "action_time": "2016-02-21T21:17:40.972Z", "object_repr": "MP3 Player", "object_id": "1", "change_message": "", "user": 1, "content_type": 10}, "model": "admin.logentry", "pk": 1}, {"fields": {"action_flag": 1, "action_time": "2016-02-21T21:27:46.815Z", "object_repr": "iPhone", "object_id": "2", "change_message": "", "user": 1, "content_type": 10}, "model": "admin.logentry", "pk": 2}, {"fields": {"action_flag": 1, "action_time": "2016-02-21T21:27:57.542Z", "object_repr": "Water Bottle", "object_id": "3", "change_message": "", "user": 1, "content_type": 10}, "model": "admin.logentry", "pk": 3}, {"fields": {"action_flag": 2, "action_time": "2016-02-22T01:16:56.595Z", "object_repr": "Water Bottle", "object_id": "3", "change_message": "Changed active.", "user": 1, "content_type": 10}, "model": "admin.logentry", "pk": 4}, {"fields": {"action_flag": 2, "action_time": "2016-02-25T16:05:26.502Z", "object_repr": "Water Bottle", "object_id": "3", "change_message": "No fields changed.", "user": 1, "content_type": 10}, "model": "admin.logentry", "pk": 5}, {"fields": {"action_flag": 2, "action_time": "2016-02-25T16:06:20.562Z", "object_repr": "MP3 Player", "object_id": "1", "change_message": "No fields changed.", "user": 1, "content_type": 10}, "model": "admin.logentry", "pk": 6}, {"fields": {"action_flag": 2, "action_time": "2016-02-25T16:13:16.270Z", "object_repr": "Water Bottle", "object_id": "3", "change_message": "No fields changed.", "user": 1, "content_type": 10}, "model": "admin.logentry", "pk": 7}, {"fields": {"action_flag": 2, "action_time": "2016-02-25T16:14:17.881Z", "object_repr": "Water Bottle", "object_id": "3", "change_message": "Changed active.", "user": 1, "content_type": 10}, "model": "admin.logentry", "pk": 8}, {"fields": {"action_flag": 1, "action_time": "2016-02-25T16:18:29.630Z", "object_repr": "16 GB", "object_id": "2", "change_message": "", "user": 1, "content_type": 11}, "model": "admin.logentry", "pk": 9}, {"fields": {"action_flag": 1, "action_time": "2016-02-25T16:18:45.136Z", "object_repr": "32 GB", "object_id": "3", "change_message": "", "user": 1, "content_type": 11}, "model": "admin.logentry", "pk": 10}, {"fields": {"action_flag": 1, "action_time": "2016-02-25T16:19:02.771Z", "object_repr": "64 GB", "object_id": "4", "change_message": "", "user": 1, "content_type": 11}, "model": "admin.logentry", "pk": 11}, {"fields": {"action_flag": 2, "action_time": "2016-02-25T16:24:11.037Z", "object_repr": "MP3 Player", "object_id": "1", "change_message": "Changed desription.", "user": 1, "content_type": 10}, "model": "admin.logentry", "pk": 12}, {"fields": {"action_flag": 2, "action_time": "2016-02-25T16:25:00.628Z", "object_repr": "MP3 Player", "object_id": "1", "change_message": "No fields changed.", "user": 1, "content_type": 10}, "model": "admin.logentry", "pk": 13}, {"fields": {"action_flag": 1, "action_time": "2016-02-25T16:37:27.865Z", "object_repr": "MP3 Player", "object_id": "1", "change_message": "", "user": 1, "content_type": 12}, "model": "admin.logentry", "pk": 14}, {"fields": {"action_flag": 1, "action_time": "2016-02-25T16:37:38.817Z", "object_repr": "iPhone", "object_id": "2", "change_message": "", "user": 1, "content_type": 12}, "model": "admin.logentry", "pk": 15}, {"fields": {"action_flag": 1, "action_time": "2016-02-25T16:37:50.209Z", "object_repr": "Water Bottle", "object_id": "3", "change_message": "", "user": 1, "content_type": 12}, "model": "admin.logentry", "pk": 16}, {"fields": {"action_flag": 2, "action_time": "2016-02-25T16:48:57.345Z", "object_repr": "Water Bottle", "object_id": "3", "change_message": "Changed image.", "user": 1, "content_type": 12}, "model": "admin.logentry", "pk": 17}, {"fields": {"action_flag": 2, "action_time": "2016-02-25T16:49:41.895Z", "object_repr": "Water Bottle", "object_id": "3", "change_message": "Changed image.", "user": 1, "content_type": 12}, "model": "admin.logentry", "pk": 18}, {"fields": {"action_flag": 2, "action_time": "2016-02-25T16:50:59.873Z", "object_repr": "Water Bottle", "object_id": "3", "change_message": "Changed image.", "user": 1, "content_type": 12}, "model": "admin.logentry", "pk": 19}, {"fields": {"action_flag": 2, "action_time": "2016-02-25T16:51:12.250Z", "object_repr": "iPhone", "object_id": "2", "change_message": "Changed image.", "user": 1, "content_type": 12}, "model": "admin.logentry", "pk": 20}, {"fields": {"action_flag": 2, "action_time": "2016-02-25T16:51:20.504Z", "object_repr": "MP3 Player", "object_id": "1", "change_message": "Changed image.", "user": 1, "content_type": 12}, "model": "admin.logentry", "pk": 21}, {"fields": {"action_flag": 2, "action_time": "2016-02-25T16:54:14.288Z", "object_repr": "MP3 Player", "object_id": "1", "change_message": "Changed image.", "user": 1, "content_type": 12}, "model": "admin.logentry", "pk": 22}, {"fields": {"action_flag": 3, "action_time": "2016-03-01T00:16:45.434Z", "object_repr": "1TB", "object_id": "7", "change_message": "", "user": 1, "content_type": 11}, "model": "admin.logentry", "pk": 23}, {"fields": {"action_flag": 2, "action_time": "2016-03-01T00:16:50.525Z", "object_repr": "1TB", "object_id": "6", "change_message": "Changed inventory.", "user": 1, "content_type": 11}, "model": "admin.logentry", "pk": 24}, {"fields": {"action_flag": 2, "action_time": "2016-03-11T02:42:05.920Z", "object_repr": "64 GB", "object_id": "4", "change_message": "Changed sale_price.", "user": 1, "content_type": 11}, "model": "admin.logentry", "pk": 25}, {"fields": {"action_flag": 2, "action_time": "2016-03-11T02:43:22.553Z", "object_repr": "16 GB", "object_id": "2", "change_message": "Changed sale_price.", "user": 1, "content_type": 11}, "model": "admin.logentry", "pk": 26}, {"fields": {"action_flag": 1, "action_time": "2016-03-11T03:33:26.410Z", "object_repr": "Electronics", "object_id": "1", "change_message": "", "user": 1, "content_type": 13}, "model": "admin.logentry", "pk": 27}, {"fields": {"action_flag": 2, "action_time": "2016-03-11T03:33:39.601Z", "object_repr": "MP3 Player", "object_id": "1", "change_message": "Changed categories and default.", "user": 1, "content_type": 10}, "model": "admin.logentry", "pk": 28}, {"fields": {"action_flag": 1, "action_time": "2016-03-11T03:34:08.400Z", "object_repr": "Accessories", "object_id": "2", "change_message": "", "user": 1, "content_type": 13}, "model": "admin.logentry", "pk": 29}, {"fields": {"action_flag": 2, "action_time": "2016-03-11T03:34:56.371Z", "object_repr": "iPhone", "object_id": "2", "change_message": "Changed categories.", "user": 1, "content_type": 10}, "model": "admin.logentry", "pk": 30}, {"fields": {"action_flag": 2, "action_time": "2016-03-11T03:35:00.070Z", "object_repr": "iPhone", "object_id": "2", "change_message": "Changed default.", "user": 1, "content_type": 10}, "model": "admin.logentry", "pk": 31}, {"fields": {"action_flag": 2, "action_time": "2016-03-14T01:36:23.490Z", "object_repr": "iPhone", "object_id": "2", "change_message": "No fields changed.", "user": 1, "content_type": 10}, "model": "admin.logentry", "pk": 32}, {"fields": {"action_flag": 1, "action_time": "2016-04-02T03:14:02.043Z", "object_repr": "1", "object_id": "1", "change_message": "", "user": 1, "content_type": 16}, "model": "admin.logentry", "pk": 40}, {"fields": {"action_flag": 1, "action_time": "2016-04-09T17:57:43.601Z", "object_repr": "205 tewst bka bla", "object_id": "1", "change_message": "", "user": 1, "content_type": 18}, "model": "admin.logentry", "pk": 41}, {"fields": {"action_flag": 1, "action_time": "2016-04-09T17:58:03.244Z", "object_repr": "205 tewst bka bla", "object_id": "2", "change_message": "", "user": 1, "content_type": 18}, "model": "admin.logentry", "pk": 42}, {"fields": {"action_flag": 2, "action_time": "2016-04-12T23:40:01.910Z", "object_repr": "carlos@eml.com", "object_id": "2", "change_message": "No fields changed.", "user": 1, "content_type": 17}, "model": "admin.logentry", "pk": 43}, {"fields": {"action_flag": 2, "action_time": "2016-04-12T23:40:05.516Z", "object_repr": "carlos@eml.com", "object_id": "2", "change_message": "No fields changed.", "user": 1, "content_type": 17}, "model": "admin.logentry", "pk": 44}, {"fields": {"action_flag": 2, "action_time": "2016-04-13T00:33:37.597Z", "object_repr": "carlos@eml.com", "object_id": "2", "change_message": "No fields changed.", "user": 1, "content_type": 17}, "model": "admin.logentry", "pk": 45}, {"fields": {"action_flag": 3, "action_time": "2016-04-13T00:34:15.483Z", "object_repr": "sefwefwef", "object_id": "11", "change_message": "", "user": 1, "content_type": 18}, "model": "admin.logentry", "pk": 46}, {"fields": {"action_flag": 3, "action_time": "2016-04-13T00:34:15.486Z", "object_repr": "sdfasdfsdf", "object_id": "10", "change_message": "", "user": 1, "content_type": 18}, "model": "admin.logentry", "pk": 47}, {"fields": {"action_flag": 3, "action_time": "2016-04-13T00:34:15.488Z", "object_repr": "wefwef", "object_id": "9", "change_message": "", "user": 1, "content_type": 18}, "model": "admin.logentry", "pk": 48}, {"fields": {"action_flag": 3, "action_time": "2016-04-13T00:34:15.490Z", "object_repr": "wfwefwef", "object_id": "8", "change_message": "", "user": 1, "content_type": 18}, "model": "admin.logentry", "pk": 49}, {"fields": {"action_flag": 3, "action_time": "2016-04-13T00:34:15.493Z", "object_repr": "fwefwef", "object_id": "7", "change_message": "", "user": 1, "content_type": 18}, "model": "admin.logentry", "pk": 50}, {"fields": {"action_flag": 3, "action_time": "2016-04-13T00:34:15.496Z", "object_repr": "cewefwef", "object_id": "6", "change_message": "", "user": 1, "content_type": 18}, "model": "admin.logentry", "pk": 51}, {"fields": {"action_flag": 3, "action_time": "2016-04-13T00:34:15.499Z", "object_repr": "205 tewst bka bla", "object_id": "5", "change_message": "", "user": 1, "content_type": 18}, "model": "admin.logentry", "pk": 52}, {"fields": {"action_flag": 3, "action_time": "2016-04-13T00:34:15.501Z", "object_repr": "205 tewst bka bla", "object_id": "4", "change_message": "", "user": 1, "content_type": 18}, "model": "admin.logentry", "pk": 53}, {"fields": {"action_flag": 3, "action_time": "2016-04-13T00:34:15.504Z", "object_repr": "Testing", "object_id": "3", "change_message": "", "user": 1, "content_type": 18}, "model": "admin.logentry", "pk": 54}, {"fields": {"action_flag": 3, "action_time": "2016-04-13T00:34:15.507Z", "object_repr": "205 tewst bka bla", "object_id": "2", "change_message": "", "user": 1, "content_type": 18}, "model": "admin.logentry", "pk": 55}, {"fields": {"action_flag": 3, "action_time": "2016-04-13T00:34:15.510Z", "object_repr": "205 tewst bka bla", "object_id": "1", "change_message": "", "user": 1, "content_type": 18}, "model": "admin.logentry", "pk": 56}, {"fields": {"action_flag": 2, "action_time": "2016-04-13T00:52:21.183Z", "object_repr": "carlos@eml.com", "object_id": "2", "change_message": "Changed braintree_id.", "user": 1, "content_type": 17}, "model": "admin.logentry", "pk": 57}, {"fields": {"action_flag": 1, "action_time": "2016-04-13T21:56:31.917Z", "object_repr": "vennuck", "object_id": "1", "change_message": "", "user": 1, "content_type": 20}, "model": "admin.logentry", "pk": 58}, {"fields": {"action_flag": 1, "action_time": "2016-04-13T21:56:46.155Z", "object_repr": "positivemusa", "object_id": "2", "change_message": "", "user": 1, "content_type": 20}, "model": "admin.logentry", "pk": 59}, {"fields": {"action_flag": 1, "action_time": "2016-04-13T22:09:20.916Z", "object_repr": "Wool 5panel hat", "object_id": "4", "change_message": "", "user": 1, "content_type": 10}, "model": "admin.logentry", "pk": 60}, {"fields": {"action_flag": 2, "action_time": "2016-04-13T22:13:32.695Z", "object_repr": "iPhone", "object_id": "2", "change_message": "Changed store.", "user": 1, "content_type": 10}, "model": "admin.logentry", "pk": 61}, {"fields": {"action_flag": 2, "action_time": "2016-04-13T22:14:50.662Z", "object_repr": "iPhone", "object_id": "2", "change_message": "Changed store.", "user": 1, "content_type": 10}, "model": "admin.logentry", "pk": 62}, {"fields": {"action_flag": 1, "action_time": "2016-04-16T20:03:33.963Z", "object_repr": "Wood Necklace", "object_id": "5", "change_message": "", "user": 1, "content_type": 10}, "model": "admin.logentry", "pk": 63}, {"fields": {"action_flag": 1, "action_time": "2016-04-22T14:08:14.637Z", "object_repr": "Ropa", "object_id": "6", "change_message": "", "user": 1, "content_type": 10}, "model": "admin.logentry", "pk": 64}, {"fields": {"action_flag": 2, "action_time": "2016-04-22T14:09:04.261Z", "object_repr": "Ropa", "object_id": "6", "change_message": "Changed price for variation \"Medium\".", "user": 1, "content_type": 10}, "model": "admin.logentry", "pk": 65}, {"fields": {"action_flag": 3, "action_time": "2016-04-23T17:33:32.338Z", "object_repr": "205 camino de las palmas", "object_id": "28", "change_message": "", "user": 1, "content_type": 18}, "model": "admin.logentry", "pk": 66}, {"fields": {"action_flag": 2, "action_time": "2016-04-30T18:39:53.405Z", "object_repr": "MP3 Player", "object_id": "1", "change_message": "Changed store.", "user": 1, "content_type": 10}, "model": "admin.logentry", "pk": 67}, {"fields": {"action_flag": 2, "action_time": "2016-04-30T19:25:12.919Z", "object_repr": "MP3 Player", "object_id": "1", "change_message": "Changed store.", "user": 1, "content_type": 10}, "model": "admin.logentry", "pk": 68}, {"fields": {"action_flag": 2, "action_time": "2016-05-03T15:17:30.259Z", "object_repr": "Ropa", "object_id": "6", "change_message": "Changed inventory for variation \"Small\".", "user": 1, "content_type": 10}, "model": "admin.logentry", "pk": 69}, {"fields": {"action_flag": 1, "action_time": "2016-05-05T03:58:34.075Z", "object_repr": "vennuck", "object_id": "1", "change_message": "", "user": 1, "content_type": 22}, "model": "admin.logentry", "pk": 70}, {"fields": {"action_flag": 1, "action_time": "2016-05-05T03:58:43.736Z", "object_repr": "vennuck", "object_id": "2", "change_message": "", "user": 1, "content_type": 22}, "model": "admin.logentry", "pk": 71}, {"fields": {"action_flag": 2, "action_time": "2016-05-05T04:14:16.940Z", "object_repr": "vennuck", "object_id": "2", "change_message": "No fields changed.", "user": 1, "content_type": 22}, "model": "admin.logentry", "pk": 72}, {"fields": {"action_flag": 2, "action_time": "2016-05-05T04:14:20.569Z", "object_repr": "vennuck", "object_id": "1", "change_message": "No fields changed.", "user": 1, "content_type": 22}, "model": "admin.logentry", "pk": 73}, {"fields": {"action_flag": 2, "action_time": "2016-05-05T04:14:31.322Z", "object_repr": "vennuck", "object_id": "1", "change_message": "Changed image.", "user": 1, "content_type": 22}, "model": "admin.logentry", "pk": 74}, {"fields": {"action_flag": 2, "action_time": "2016-05-05T04:14:39.644Z", "object_repr": "vennuck", "object_id": "2", "change_message": "Changed image.", "user": 1, "content_type": 22}, "model": "admin.logentry", "pk": 75}, {"fields": {"action_flag": 2, "action_time": "2016-05-05T04:15:32.195Z", "object_repr": "vennuck", "object_id": "1", "change_message": "Changed image.", "user": 1, "content_type": 22}, "model": "admin.logentry", "pk": 76}, {"fields": {"action_flag": 2, "action_time": "2016-05-05T04:15:41.152Z", "object_repr": "vennuck", "object_id": "2", "change_message": "Changed image.", "user": 1, "content_type": 22}, "model": "admin.logentry", "pk": 77}, {"fields": {"action_flag": 2, "action_time": "2016-05-05T04:15:49.643Z", "object_repr": "vennuck", "object_id": "2", "change_message": "No fields changed.", "user": 1, "content_type": 22}, "model": "admin.logentry", "pk": 78}, {"fields": {"action_flag": 1, "action_time": "2016-05-05T04:33:12.002Z", "object_repr": "positivemusa", "object_id": "3", "change_message": "", "user": 1, "content_type": 22}, "model": "admin.logentry", "pk": 79}, {"fields": {"action_flag": 1, "action_time": "2016-05-05T04:33:21.011Z", "object_repr": "positivemusa", "object_id": "4", "change_message": "", "user": 1, "content_type": 22}, "model": "admin.logentry", "pk": 80}, {"fields": {"action_flag": 1, "action_time": "2016-05-05T04:34:34.285Z", "object_repr": "positivemusa", "object_id": "5", "change_message": "", "user": 1, "content_type": 22}, "model": "admin.logentry", "pk": 81}, {"fields": {"action_flag": 3, "action_time": "2016-05-17T17:48:31.113Z", "object_repr": "Water Bottle", "object_id": "3", "change_message": "", "user": 1, "content_type": 10}, "model": "admin.logentry", "pk": 82}, {"fields": {"action_flag": 3, "action_time": "2016-05-17T17:48:31.116Z", "object_repr": "iPhone", "object_id": "2", "change_message": "", "user": 1, "content_type": 10}, "model": "admin.logentry", "pk": 83}, {"fields": {"action_flag": 3, "action_time": "2016-05-17T17:48:31.451Z", "object_repr": "MP3 Player", "object_id": "1", "change_message": "", "user": 1, "content_type": 10}, "model": "admin.logentry", "pk": 84}, {"fields": {"action_flag": 1, "action_time": "2016-05-17T17:55:14.861Z", "object_repr": "Hang loose III", "object_id": "7", "change_message": "", "user": 1, "content_type": 10}, "model": "admin.logentry", "pk": 85}, {"fields": {"action_flag": 2, "action_time": "2016-05-17T17:55:46.573Z", "object_repr": "Hang loose III", "object_id": "7", "change_message": "Added variation \"Small\". Added variation \"Medium\". Added variation \"Large\".", "user": 1, "content_type": 10}, "model": "admin.logentry", "pk": 86}, {"fields": {"action_flag": 1, "action_time": "2016-05-17T17:58:13.217Z", "object_repr": "Spiraling I", "object_id": "8", "change_message": "", "user": 1, "content_type": 10}, "model": "admin.logentry", "pk": 87}, {"fields": {"action_flag": 1, "action_time": "2016-05-17T18:00:03.675Z", "object_repr": "Somewhere in Puerto Rico", "object_id": "9", "change_message": "", "user": 1, "content_type": 10}, "model": "admin.logentry", "pk": 88}, {"fields": {"action_flag": 2, "action_time": "2016-05-17T18:00:10.356Z", "object_repr": "Somewhere in Puerto Rico", "object_id": "9", "change_message": "No fields changed.", "user": 1, "content_type": 10}, "model": "admin.logentry", "pk": 89}, {"fields": {"action_flag": 3, "action_time": "2016-05-18T22:30:03.356Z", "object_repr": "vennuck", "object_id": "2", "change_message": "", "user": 1, "content_type": 22}, "model": "admin.logentry", "pk": 90}, {"fields": {"action_flag": 3, "action_time": "2016-05-18T22:30:03.359Z", "object_repr": "vennuck", "object_id": "1", "change_message": "", "user": 1, "content_type": 22}, "model": "admin.logentry", "pk": 91}, {"fields": {"action_flag": 1, "action_time": "2016-05-18T22:30:18.952Z", "object_repr": "vennuck", "object_id": "6", "change_message": "", "user": 1, "content_type": 22}, "model": "admin.logentry", "pk": 92}, {"fields": {"action_flag": 1, "action_time": "2016-05-18T22:30:30.866Z", "object_repr": "vennuck", "object_id": "7", "change_message": "", "user": 1, "content_type": 22}, "model": "admin.logentry", "pk": 93}, {"fields": {"action_flag": 1, "action_time": "2016-05-18T22:32:35.584Z", "object_repr": "vennuck", "object_id": "8", "change_message": "", "user": 1, "content_type": 22}, "model": "admin.logentry", "pk": 94}, {"fields": {"action_flag": 3, "action_time": "2016-05-18T22:54:00.833Z", "object_repr": "vennuck", "object_id": "8", "change_message": "", "user": 1, "content_type": 22}, "model": "admin.logentry", "pk": 95}, {"fields": {"action_flag": 3, "action_time": "2016-05-18T22:54:00.837Z", "object_repr": "vennuck", "object_id": "7", "change_message": "", "user": 1, "content_type": 22}, "model": "admin.logentry", "pk": 96}, {"fields": {"action_flag": 3, "action_time": "2016-05-18T22:54:00.841Z", "object_repr": "vennuck", "object_id": "6", "change_message": "", "user": 1, "content_type": 22}, "model": "admin.logentry", "pk": 97}, {"fields": {"action_flag": 1, "action_time": "2016-05-18T22:54:14.744Z", "object_repr": "vennuck", "object_id": "9", "change_message": "", "user": 1, "content_type": 22}, "model": "admin.logentry", "pk": 98}, {"fields": {"action_flag": 1, "action_time": "2016-05-18T22:56:19.019Z", "object_repr": "vennuck", "object_id": "10", "change_message": "", "user": 1, "content_type": 22}, "model": "admin.logentry", "pk": 99}, {"fields": {"action_flag": 1, "action_time": "2016-05-18T22:57:41.488Z", "object_repr": "vennuck", "object_id": "11", "change_message": "", "user": 1, "content_type": 22}, "model": "admin.logentry", "pk": 100}, {"fields": {"action_flag": 3, "action_time": "2016-05-18T22:57:46.692Z", "object_repr": "vennuck", "object_id": "10", "change_message": "", "user": 1, "content_type": 22}, "model": "admin.logentry", "pk": 101}, {"fields": {"action_flag": 3, "action_time": "2016-05-18T22:59:01.499Z", "object_repr": "vennuck", "object_id": "9", "change_message": "", "user": 1, "content_type": 22}, "model": "admin.logentry", "pk": 102}, {"fields": {"action_flag": 1, "action_time": "2016-05-18T22:59:09.758Z", "object_repr": "vennuck", "object_id": "12", "change_message": "", "user": 1, "content_type": 22}, "model": "admin.logentry", "pk": 103}, {"fields": {"action_flag": 3, "action_time": "2016-05-18T23:00:07.014Z", "object_repr": "Ropa", "object_id": "6", "change_message": "", "user": 1, "content_type": 10}, "model": "admin.logentry", "pk": 104}, {"fields": {"action_flag": 3, "action_time": "2016-05-18T23:00:07.018Z", "object_repr": "Wood Necklace", "object_id": "5", "change_message": "", "user": 1, "content_type": 10}, "model": "admin.logentry", "pk": 105}, {"fields": {"action_flag": 1, "action_time": "2016-05-18T23:01:00.202Z", "object_repr": "Taiguey Sk8 Collection", "object_id": "10", "change_message": "", "user": 1, "content_type": 10}, "model": "admin.logentry", "pk": 106}, {"fields": {"action_flag": 1, "action_time": "2016-05-18T23:03:21.992Z", "object_repr": "Vennuck Triangle T-Shirt", "object_id": "11", "change_message": "", "user": 1, "content_type": 10}, "model": "admin.logentry", "pk": 107}, {"fields": {"action_flag": 1, "action_time": "2016-05-19T20:30:48.650Z", "object_repr": "vennuck.com", "object_id": "2", "change_message": "", "user": 1, "content_type": 7}, "model": "admin.logentry", "pk": 108}, {"fields": {"action_flag": 3, "action_time": "2016-05-19T20:30:57.337Z", "object_repr": "example.com", "object_id": "1", "change_message": "", "user": 1, "content_type": 7}, "model": "admin.logentry", "pk": 109}, {"fields": {"action_flag": 3, "action_time": "2016-05-20T03:00:01.069Z", "object_repr": "36", "object_id": "36", "change_message": "", "user": 1, "content_type": 16}, "model": "admin.logentry", "pk": 110}, {"fields": {"action_flag": 3, "action_time": "2016-05-26T05:17:18.733Z", "object_repr": "62", "object_id": "62", "change_message": "", "user": 1, "content_type": 16}, "model": "admin.logentry", "pk": 111}, {"fields": {"action_flag": 2, "action_time": "2016-08-09T22:50:33.096Z", "object_repr": "85", "object_id": "45", "change_message": "Changed status, user, billing_address and shipping_address.", "user": 1, "content_type": 19}, "model": "admin.logentry", "pk": 112}, {"fields": {"action_flag": 2, "action_time": "2016-08-09T23:00:22.565Z", "object_repr": "85", "object_id": "45", "change_message": "Changed status.", "user": 1, "content_type": 19}, "model": "admin.logentry", "pk": 113}]